Format,Example,Regex
YYYY-MM-DD,1976-09-23,^(\d\d\d\d)-(01|02|03|04|05|06|07|08|09|10|11|12)-(0[1-9]|[1-2]\d|30|31)$
YYYY-MM-DD hh:mm:ss.sss,1976-09-23 11:11:11.888,^(\d\d\d\d)-(01|02|03|04|05|06|07|08|09|10|11|12)-(0[1-9]|[1-2]\d|30|31) ([0-1]\d|2[0-4]):([0-5]\d):([0-5]\d)(\.\d\d\d)$
YYYY-MM-DDThh:mm:ss.sss,1976-09-23T11:11:11.888,^(\d\d\d\d)-(01|02|03|04|05|06|07|08|09|10|11|12)-(0[1-9]|[1-2]\d|30|31)T([0-1]\d|2[0-4]):([0-5]\d):([0-5]\d)(\.\d\d\d)$
YYYY-MM-DD hh:mm:ss.sssZ,1976-09-23 11:11:11.888Z,^(\d\d\d\d)-(01|02|03|04|05|06|07|08|09|10|11|12)-(0[1-9]|[1-2]\d|30|31) ([0-1]\d|2[0-4]):([0-5]\d):([0-5]\d)(\.\d\d\d)Z$
YYYY-MM-DDThh:mm:ss.sssZ,1976-09-23T11:11:11.888Z,^(\d\d\d\d)-(01|02|03|04|05|06|07|08|09|10|11|12)-(0[1-9]|[1-2]\d|30|31)T([0-1]\d|2[0-4]):([0-5]\d):([0-5]\d)(\.\d\d\d)Z$
YYYY-MM-DD hh:mm:ss.sss+hh:mm,1976-09-23 11:11:11.888+07:30,^(\d\d\d\d)-(01|02|03|04|05|06|07|08|09|10|11|12)-(0[1-9]|[1-2]\d|30|31) ([0-1]\d|2[0-4]):([0-5]\d):([0-5]\d)(\.\d\d\d)\+([0-1]\d|2[0-4]):([0-5]\d)$
YYYY-MM-DDThh:mm:ss.sss+hh:mm,1976-09-23T11:11:11.888+07:30,^(\d\d\d\d)-(01|02|03|04|05|06|07|08|09|10|11|12)-(0[1-9]|[1-2]\d|30|31)T([0-1]\d|2[0-4]):([0-5]\d):([0-5]\d)(\.\d\d\d)\+([0-1]\d|2[0-4]):([0-5]\d)$
YYYY-MM-DD hh:mm:ss.sss+hhmm,1976-09-23 11:11:11.888+0730,^(\d\d\d\d)-(01|02|03|04|05|06|07|08|09|10|11|12)-(0[1-9]|[1-2]\d|30|31) ([0-1]\d|2[0-4]):([0-5]\d):([0-5]\d)(\.\d\d\d)\+([0-1]\d|2[0-4])([0-5]\d)$
YYYY-MM-DDThh:mm:ss.sss+hhmm,1976-09-23T11:11:11.888+0730,^(\d\d\d\d)-(01|02|03|04|05|06|07|08|09|10|11|12)-(0[1-9]|[1-2]\d|30|31)T([0-1]\d|2[0-4]):([0-5]\d):([0-5]\d)(\.\d\d\d)\+([0-1]\d|2[0-4])([0-5]\d)$
YYYY-MM-DD hh:mm:ss.sss+hh,1976-09-23 11:11:11.888+07,^(\d\d\d\d)-(01|02|03|04|05|06|07|08|09|10|11|12)-(0[1-9]|[1-2]\d|30|31) ([0-1]\d|2[0-4]):([0-5]\d):([0-5]\d)(\.\d\d\d)\+([0-1]\d|2[0-4])$
YYYY-MM-DDThh:mm:ss.sss+hh,1976-09-23T11:11:11.888+07,^(\d\d\d\d)-(01|02|03|04|05|06|07|08|09|10|11|12)-(0[1-9]|[1-2]\d|30|31)T([0-1]\d|2[0-4]):([0-5]\d):([0-5]\d)(\.\d\d\d)\+([0-1]\d|2[0-4])$
YYYY-MM-DD hh:mm:ss.sss-hh:mm,1976-09-23 11:11:11.888-07:30,^(\d\d\d\d)-(01|02|03|04|05|06|07|08|09|10|11|12)-(0[1-9]|[1-2]\d|30|31) ([0-1]\d|2[0-4]):([0-5]\d):([0-5]\d)(\.\d\d\d)\-([0-1]\d|2[0-4]):([0-5]\d)$
YYYY-MM-DDThh:mm:ss.sss-hh:mm,1976-09-23T11:11:11.888-07:30,^(\d\d\d\d)-(01|02|03|04|05|06|07|08|09|10|11|12)-(0[1-9]|[1-2]\d|30|31)T([0-1]\d|2[0-4]):([0-5]\d):([0-5]\d)(\.\d\d\d)\-([0-1]\d|2[0-4]):([0-5]\d)$
YYYY-MM-DD hh:mm:ss.sss-hhmm,1976-09-23 11:11:11.888-0730,^(\d\d\d\d)-(01|02|03|04|05|06|07|08|09|10|11|12)-(0[1-9]|[1-2]\d|30|31) ([0-1]\d|2[0-4]):([0-5]\d):([0-5]\d)(\.\d\d\d)\-([0-1]\d|2[0-4])([0-5]\d)$
YYYY-MM-DDThh:mm:ss.sss-hhmm,1976-09-23T11:11:11.888-0730,^(\d\d\d\d)-(01|02|03|04|05|06|07|08|09|10|11|12)-(0[1-9]|[1-2]\d|30|31)T([0-1]\d|2[0-4]):([0-5]\d):([0-5]\d)(\.\d\d\d)\-([0-1]\d|2[0-4])([0-5]\d)$
YYYY-MM-DD hh:mm:ss.sss-hh,1976-09-23 11:11:11.888-07,^(\d\d\d\d)-(01|02|03|04|05|06|07|08|09|10|11|12)-(0[1-9]|[1-2]\d|30|31) ([0-1]\d|2[0-4]):([0-5]\d):([0-5]\d)(\.\d\d\d)\-([0-1]\d|2[0-4])$
YYYY-MM-DDThh:mm:ss.sss-hh,1976-09-23T11:11:11.888-07,^(\d\d\d\d)-(01|02|03|04|05|06|07|08|09|10|11|12)-(0[1-9]|[1-2]\d|30|31)T([0-1]\d|2[0-4]):([0-5]\d):([0-5]\d)(\.\d\d\d)\-([0-1]\d|2[0-4])$
YYYY-MM-DD hhmmss.sss,1976-09-23 111111.888,^(\d\d\d\d)-(01|02|03|04|05|06|07|08|09|10|11|12)-(0[1-9]|[1-2]\d|30|31) ([0-1]\d|2[0-4])([0-5]\d)([0-5]\d)(\.\d\d\d)$
YYYY-MM-DDThhmmss.sss,1976-09-23T111111.888,^(\d\d\d\d)-(01|02|03|04|05|06|07|08|09|10|11|12)-(0[1-9]|[1-2]\d|30|31)T([0-1]\d|2[0-4])([0-5]\d)([0-5]\d)(\.\d\d\d)$
YYYY-MM-DD hhmmss.sssZ,1976-09-23 111111.888Z,^(\d\d\d\d)-(01|02|03|04|05|06|07|08|09|10|11|12)-(0[1-9]|[1-2]\d|30|31) ([0-1]\d|2[0-4])([0-5]\d)([0-5]\d)(\.\d\d\d)Z$
YYYY-MM-DDThhmmss.sssZ,1976-09-23T111111.888Z,^(\d\d\d\d)-(01|02|03|04|05|06|07|08|09|10|11|12)-(0[1-9]|[1-2]\d|30|31)T([0-1]\d|2[0-4])([0-5]\d)([0-5]\d)(\.\d\d\d)Z$
YYYY-MM-DD hhmmss.sss+hh:mm,1976-09-23 111111.888+07:30,^(\d\d\d\d)-(01|02|03|04|05|06|07|08|09|10|11|12)-(0[1-9]|[1-2]\d|30|31) ([0-1]\d|2[0-4])([0-5]\d)([0-5]\d)(\.\d\d\d)\+([0-1]\d|2[0-4]):([0-5]\d)$
YYYY-MM-DDThhmmss.sss+hh:mm,1976-09-23T111111.888+07:30,^(\d\d\d\d)-(01|02|03|04|05|06|07|08|09|10|11|12)-(0[1-9]|[1-2]\d|30|31)T([0-1]\d|2[0-4])([0-5]\d)([0-5]\d)(\.\d\d\d)\+([0-1]\d|2[0-4]):([0-5]\d)$
YYYY-MM-DD hhmmss.sss+hhmm,1976-09-23 111111.888+0730,^(\d\d\d\d)-(01|02|03|04|05|06|07|08|09|10|11|12)-(0[1-9]|[1-2]\d|30|31) ([0-1]\d|2[0-4])([0-5]\d)([0-5]\d)(\.\d\d\d)\+([0-1]\d|2[0-4])([0-5]\d)$
YYYY-MM-DDThhmmss.sss+hhmm,1976-09-23T111111.888+0730,^(\d\d\d\d)-(01|02|03|04|05|06|07|08|09|10|11|12)-(0[1-9]|[1-2]\d|30|31)T([0-1]\d|2[0-4])([0-5]\d)([0-5]\d)(\.\d\d\d)\+([0-1]\d|2[0-4])([0-5]\d)$
YYYY-MM-DD hhmmss.sss+hh,1976-09-23 111111.888+07,^(\d\d\d\d)-(01|02|03|04|05|06|07|08|09|10|11|12)-(0[1-9]|[1-2]\d|30|31) ([0-1]\d|2[0-4])([0-5]\d)([0-5]\d)(\.\d\d\d)\+([0-1]\d|2[0-4])$
YYYY-MM-DDThhmmss.sss+hh,1976-09-23T111111.888+07,^(\d\d\d\d)-(01|02|03|04|05|06|07|08|09|10|11|12)-(0[1-9]|[1-2]\d|30|31)T([0-1]\d|2[0-4])([0-5]\d)([0-5]\d)(\.\d\d\d)\+([0-1]\d|2[0-4])$
YYYY-MM-DD hhmmss.sss-hh:mm,1976-09-23 111111.888-07:30,^(\d\d\d\d)-(01|02|03|04|05|06|07|08|09|10|11|12)-(0[1-9]|[1-2]\d|30|31) ([0-1]\d|2[0-4])([0-5]\d)([0-5]\d)(\.\d\d\d)\-([0-1]\d|2[0-4]):([0-5]\d)$
YYYY-MM-DDThhmmss.sss-hh:mm,1976-09-23T111111.888-07:30,^(\d\d\d\d)-(01|02|03|04|05|06|07|08|09|10|11|12)-(0[1-9]|[1-2]\d|30|31)T([0-1]\d|2[0-4])([0-5]\d)([0-5]\d)(\.\d\d\d)\-([0-1]\d|2[0-4]):([0-5]\d)$
YYYY-MM-DD hhmmss.sss-hhmm,1976-09-23 111111.888-0730,^(\d\d\d\d)-(01|02|03|04|05|06|07|08|09|10|11|12)-(0[1-9]|[1-2]\d|30|31) ([0-1]\d|2[0-4])([0-5]\d)([0-5]\d)(\.\d\d\d)\-([0-1]\d|2[0-4])([0-5]\d)$
YYYY-MM-DDThhmmss.sss-hhmm,1976-09-23T111111.888-0730,^(\d\d\d\d)-(01|02|03|04|05|06|07|08|09|10|11|12)-(0[1-9]|[1-2]\d|30|31)T([0-1]\d|2[0-4])([0-5]\d)([0-5]\d)(\.\d\d\d)\-([0-1]\d|2[0-4])([0-5]\d)$
YYYY-MM-DD hhmmss.sss-hh,1976-09-23 111111.888-07,^(\d\d\d\d)-(01|02|03|04|05|06|07|08|09|10|11|12)-(0[1-9]|[1-2]\d|30|31) ([0-1]\d|2[0-4])([0-5]\d)([0-5]\d)(\.\d\d\d)\-([0-1]\d|2[0-4])$
YYYY-MM-DDThhmmss.sss-hh,1976-09-23T111111.888-07,^(\d\d\d\d)-(01|02|03|04|05|06|07|08|09|10|11|12)-(0[1-9]|[1-2]\d|30|31)T([0-1]\d|2[0-4])([0-5]\d)([0-5]\d)(\.\d\d\d)\-([0-1]\d|2[0-4])$
YYYY-MM-DD hh:mm:ss,1976-09-23 11:11:11,^(\d\d\d\d)-(01|02|03|04|05|06|07|08|09|10|11|12)-(0[1-9]|[1-2]\d|30|31) ([0-1]\d|2[0-4]):([0-5]\d):([0-5]\d)$
YYYY-MM-DDThh:mm:ss,1976-09-23T11:11:11,^(\d\d\d\d)-(01|02|03|04|05|06|07|08|09|10|11|12)-(0[1-9]|[1-2]\d|30|31)T([0-1]\d|2[0-4]):([0-5]\d):([0-5]\d)$
YYYY-MM-DD hh:mm:ssZ,1976-09-23 11:11:11Z,^(\d\d\d\d)-(01|02|03|04|05|06|07|08|09|10|11|12)-(0[1-9]|[1-2]\d|30|31) ([0-1]\d|2[0-4]):([0-5]\d):([0-5]\d)Z$
YYYY-MM-DDThh:mm:ssZ,1976-09-23T11:11:11Z,^(\d\d\d\d)-(01|02|03|04|05|06|07|08|09|10|11|12)-(0[1-9]|[1-2]\d|30|31)T([0-1]\d|2[0-4]):([0-5]\d):([0-5]\d)Z$
YYYY-MM-DD hh:mm:ss+hh:mm,1976-09-23 11:11:11+07:30,^(\d\d\d\d)-(01|02|03|04|05|06|07|08|09|10|11|12)-(0[1-9]|[1-2]\d|30|31) ([0-1]\d|2[0-4]):([0-5]\d):([0-5]\d)\+([0-1]\d|2[0-4]):([0-5]\d)$
YYYY-MM-DDThh:mm:ss+hh:mm,1976-09-23T11:11:11+07:30,^(\d\d\d\d)-(01|02|03|04|05|06|07|08|09|10|11|12)-(0[1-9]|[1-2]\d|30|31)T([0-1]\d|2[0-4]):([0-5]\d):([0-5]\d)\+([0-1]\d|2[0-4]):([0-5]\d)$
YYYY-MM-DD hh:mm:ss+hhmm,1976-09-23 11:11:11+0730,^(\d\d\d\d)-(01|02|03|04|05|06|07|08|09|10|11|12)-(0[1-9]|[1-2]\d|30|31) ([0-1]\d|2[0-4]):([0-5]\d):([0-5]\d)\+([0-1]\d|2[0-4])([0-5]\d)$
YYYY-MM-DDThh:mm:ss+hhmm,1976-09-23T11:11:11+0730,^(\d\d\d\d)-(01|02|03|04|05|06|07|08|09|10|11|12)-(0[1-9]|[1-2]\d|30|31)T([0-1]\d|2[0-4]):([0-5]\d):([0-5]\d)\+([0-1]\d|2[0-4])([0-5]\d)$
YYYY-MM-DD hh:mm:ss+hh,1976-09-23 11:11:11+07,^(\d\d\d\d)-(01|02|03|04|05|06|07|08|09|10|11|12)-(0[1-9]|[1-2]\d|30|31) ([0-1]\d|2[0-4]):([0-5]\d):([0-5]\d)\+([0-1]\d|2[0-4])$
YYYY-MM-DDThh:mm:ss+hh,1976-09-23T11:11:11+07,^(\d\d\d\d)-(01|02|03|04|05|06|07|08|09|10|11|12)-(0[1-9]|[1-2]\d|30|31)T([0-1]\d|2[0-4]):([0-5]\d):([0-5]\d)\+([0-1]\d|2[0-4])$
YYYY-MM-DD hh:mm:ss-hh:mm,1976-09-23 11:11:11-07:30,^(\d\d\d\d)-(01|02|03|04|05|06|07|08|09|10|11|12)-(0[1-9]|[1-2]\d|30|31) ([0-1]\d|2[0-4]):([0-5]\d):([0-5]\d)\-([0-1]\d|2[0-4]):([0-5]\d)$
YYYY-MM-DDThh:mm:ss-hh:mm,1976-09-23T11:11:11-07:30,^(\d\d\d\d)-(01|02|03|04|05|06|07|08|09|10|11|12)-(0[1-9]|[1-2]\d|30|31)T([0-1]\d|2[0-4]):([0-5]\d):([0-5]\d)\-([0-1]\d|2[0-4]):([0-5]\d)$
YYYY-MM-DD hh:mm:ss-hhmm,1976-09-23 11:11:11-0730,^(\d\d\d\d)-(01|02|03|04|05|06|07|08|09|10|11|12)-(0[1-9]|[1-2]\d|30|31) ([0-1]\d|2[0-4]):([0-5]\d):([0-5]\d)\-([0-1]\d|2[0-4])([0-5]\d)$
YYYY-MM-DDThh:mm:ss-hhmm,1976-09-23T11:11:11-0730,^(\d\d\d\d)-(01|02|03|04|05|06|07|08|09|10|11|12)-(0[1-9]|[1-2]\d|30|31)T([0-1]\d|2[0-4]):([0-5]\d):([0-5]\d)\-([0-1]\d|2[0-4])([0-5]\d)$
YYYY-MM-DD hh:mm:ss-hh,1976-09-23 11:11:11-07,^(\d\d\d\d)-(01|02|03|04|05|06|07|08|09|10|11|12)-(0[1-9]|[1-2]\d|30|31) ([0-1]\d|2[0-4]):([0-5]\d):([0-5]\d)\-([0-1]\d|2[0-4])$
YYYY-MM-DDThh:mm:ss-hh,1976-09-23T11:11:11-07,^(\d\d\d\d)-(01|02|03|04|05|06|07|08|09|10|11|12)-(0[1-9]|[1-2]\d|30|31)T([0-1]\d|2[0-4]):([0-5]\d):([0-5]\d)\-([0-1]\d|2[0-4])$
YYYY-MM-DD hhmmss,1976-09-23 111111,^(\d\d\d\d)-(01|02|03|04|05|06|07|08|09|10|11|12)-(0[1-9]|[1-2]\d|30|31) ([0-1]\d|2[0-4])([0-5]\d)([0-5]\d)$
YYYY-MM-DDThhmmss,1976-09-23T111111,^(\d\d\d\d)-(01|02|03|04|05|06|07|08|09|10|11|12)-(0[1-9]|[1-2]\d|30|31)T([0-1]\d|2[0-4])([0-5]\d)([0-5]\d)$
YYYY-MM-DD hhmmssZ,1976-09-23 111111Z,^(\d\d\d\d)-(01|02|03|04|05|06|07|08|09|10|11|12)-(0[1-9]|[1-2]\d|30|31) ([0-1]\d|2[0-4])([0-5]\d)([0-5]\d)Z$
YYYY-MM-DDThhmmssZ,1976-09-23T111111Z,^(\d\d\d\d)-(01|02|03|04|05|06|07|08|09|10|11|12)-(0[1-9]|[1-2]\d|30|31)T([0-1]\d|2[0-4])([0-5]\d)([0-5]\d)Z$
YYYY-MM-DD hhmmss+hh:mm,1976-09-23 111111+07:30,^(\d\d\d\d)-(01|02|03|04|05|06|07|08|09|10|11|12)-(0[1-9]|[1-2]\d|30|31) ([0-1]\d|2[0-4])([0-5]\d)([0-5]\d)\+([0-1]\d|2[0-4]):([0-5]\d)$
YYYY-MM-DDThhmmss+hh:mm,1976-09-23T111111+07:30,^(\d\d\d\d)-(01|02|03|04|05|06|07|08|09|10|11|12)-(0[1-9]|[1-2]\d|30|31)T([0-1]\d|2[0-4])([0-5]\d)([0-5]\d)\+([0-1]\d|2[0-4]):([0-5]\d)$
YYYY-MM-DD hhmmss+hhmm,1976-09-23 111111+0730,^(\d\d\d\d)-(01|02|03|04|05|06|07|08|09|10|11|12)-(0[1-9]|[1-2]\d|30|31) ([0-1]\d|2[0-4])([0-5]\d)([0-5]\d)\+([0-1]\d|2[0-4])([0-5]\d)$
YYYY-MM-DDThhmmss+hhmm,1976-09-23T111111+0730,^(\d\d\d\d)-(01|02|03|04|05|06|07|08|09|10|11|12)-(0[1-9]|[1-2]\d|30|31)T([0-1]\d|2[0-4])([0-5]\d)([0-5]\d)\+([0-1]\d|2[0-4])([0-5]\d)$
YYYY-MM-DD hhmmss+hh,1976-09-23 111111+07,^(\d\d\d\d)-(01|02|03|04|05|06|07|08|09|10|11|12)-(0[1-9]|[1-2]\d|30|31) ([0-1]\d|2[0-4])([0-5]\d)([0-5]\d)\+([0-1]\d|2[0-4])$
YYYY-MM-DDThhmmss+hh,1976-09-23T111111+07,^(\d\d\d\d)-(01|02|03|04|05|06|07|08|09|10|11|12)-(0[1-9]|[1-2]\d|30|31)T([0-1]\d|2[0-4])([0-5]\d)([0-5]\d)\+([0-1]\d|2[0-4])$
YYYY-MM-DD hhmmss-hh:mm,1976-09-23 111111-07:30,^(\d\d\d\d)-(01|02|03|04|05|06|07|08|09|10|11|12)-(0[1-9]|[1-2]\d|30|31) ([0-1]\d|2[0-4])([0-5]\d)([0-5]\d)\-([0-1]\d|2[0-4]):([0-5]\d)$
YYYY-MM-DDThhmmss-hh:mm,1976-09-23T111111-07:30,^(\d\d\d\d)-(01|02|03|04|05|06|07|08|09|10|11|12)-(0[1-9]|[1-2]\d|30|31)T([0-1]\d|2[0-4])([0-5]\d)([0-5]\d)\-([0-1]\d|2[0-4]):([0-5]\d)$
YYYY-MM-DD hhmmss-hhmm,1976-09-23 111111-0730,^(\d\d\d\d)-(01|02|03|04|05|06|07|08|09|10|11|12)-(0[1-9]|[1-2]\d|30|31) ([0-1]\d|2[0-4])([0-5]\d)([0-5]\d)\-([0-1]\d|2[0-4])([0-5]\d)$
YYYY-MM-DDThhmmss-hhmm,1976-09-23T111111-0730,^(\d\d\d\d)-(01|02|03|04|05|06|07|08|09|10|11|12)-(0[1-9]|[1-2]\d|30|31)T([0-1]\d|2[0-4])([0-5]\d)([0-5]\d)\-([0-1]\d|2[0-4])([0-5]\d)$
YYYY-MM-DD hhmmss-hh,1976-09-23 111111-07,^(\d\d\d\d)-(01|02|03|04|05|06|07|08|09|10|11|12)-(0[1-9]|[1-2]\d|30|31) ([0-1]\d|2[0-4])([0-5]\d)([0-5]\d)\-([0-1]\d|2[0-4])$
YYYY-MM-DDThhmmss-hh,1976-09-23T111111-07,^(\d\d\d\d)-(01|02|03|04|05|06|07|08|09|10|11|12)-(0[1-9]|[1-2]\d|30|31)T([0-1]\d|2[0-4])([0-5]\d)([0-5]\d)\-([0-1]\d|2[0-4])$
YYYY-MM-DD hh:mm,1976-09-23 11:11,^(\d\d\d\d)-(01|02|03|04|05|06|07|08|09|10|11|12)-(0[1-9]|[1-2]\d|30|31) ([0-1]\d|2[0-4]):([0-5]\d)$
YYYY-MM-DDThh:mm,1976-09-23T11:11,^(\d\d\d\d)-(01|02|03|04|05|06|07|08|09|10|11|12)-(0[1-9]|[1-2]\d|30|31)T([0-1]\d|2[0-4]):([0-5]\d)$
YYYY-MM-DD hh:mmZ,1976-09-23 11:11Z,^(\d\d\d\d)-(01|02|03|04|05|06|07|08|09|10|11|12)-(0[1-9]|[1-2]\d|30|31) ([0-1]\d|2[0-4]):([0-5]\d)Z$
YYYY-MM-DDThh:mmZ,1976-09-23T11:11Z,^(\d\d\d\d)-(01|02|03|04|05|06|07|08|09|10|11|12)-(0[1-9]|[1-2]\d|30|31)T([0-1]\d|2[0-4]):([0-5]\d)Z$
YYYY-MM-DD hh:mm+hh:mm,1976-09-23 11:11+07:30,^(\d\d\d\d)-(01|02|03|04|05|06|07|08|09|10|11|12)-(0[1-9]|[1-2]\d|30|31) ([0-1]\d|2[0-4]):([0-5]\d)\+([0-1]\d|2[0-4]):([0-5]\d)$
YYYY-MM-DDThh:mm+hh:mm,1976-09-23T11:11+07:30,^(\d\d\d\d)-(01|02|03|04|05|06|07|08|09|10|11|12)-(0[1-9]|[1-2]\d|30|31)T([0-1]\d|2[0-4]):([0-5]\d)\+([0-1]\d|2[0-4]):([0-5]\d)$
YYYY-MM-DD hh:mm+hhmm,1976-09-23 11:11+0730,^(\d\d\d\d)-(01|02|03|04|05|06|07|08|09|10|11|12)-(0[1-9]|[1-2]\d|30|31) ([0-1]\d|2[0-4]):([0-5]\d)\+([0-1]\d|2[0-4])([0-5]\d)$
YYYY-MM-DDThh:mm+hhmm,1976-09-23T11:11+0730,^(\d\d\d\d)-(01|02|03|04|05|06|07|08|09|10|11|12)-(0[1-9]|[1-2]\d|30|31)T([0-1]\d|2[0-4]):([0-5]\d)\+([0-1]\d|2[0-4])([0-5]\d)$
YYYY-MM-DD hh:mm+hh,1976-09-23 11:11+07,^(\d\d\d\d)-(01|02|03|04|05|06|07|08|09|10|11|12)-(0[1-9]|[1-2]\d|30|31) ([0-1]\d|2[0-4]):([0-5]\d)\+([0-1]\d|2[0-4])$
YYYY-MM-DDThh:mm+hh,1976-09-23T11:11+07,^(\d\d\d\d)-(01|02|03|04|05|06|07|08|09|10|11|12)-(0[1-9]|[1-2]\d|30|31)T([0-1]\d|2[0-4]):([0-5]\d)\+([0-1]\d|2[0-4])$
YYYY-MM-DD hh:mm-hh:mm,1976-09-23 11:11-07:30,^(\d\d\d\d)-(01|02|03|04|05|06|07|08|09|10|11|12)-(0[1-9]|[1-2]\d|30|31) ([0-1]\d|2[0-4]):([0-5]\d)\-([0-1]\d|2[0-4]):([0-5]\d)$
YYYY-MM-DDThh:mm-hh:mm,1976-09-23T11:11-07:30,^(\d\d\d\d)-(01|02|03|04|05|06|07|08|09|10|11|12)-(0[1-9]|[1-2]\d|30|31)T([0-1]\d|2[0-4]):([0-5]\d)\-([0-1]\d|2[0-4]):([0-5]\d)$
YYYY-MM-DD hh:mm-hhmm,1976-09-23 11:11-0730,^(\d\d\d\d)-(01|02|03|04|05|06|07|08|09|10|11|12)-(0[1-9]|[1-2]\d|30|31) ([0-1]\d|2[0-4]):([0-5]\d)\-([0-1]\d|2[0-4])([0-5]\d)$
YYYY-MM-DDThh:mm-hhmm,1976-09-23T11:11-0730,^(\d\d\d\d)-(01|02|03|04|05|06|07|08|09|10|11|12)-(0[1-9]|[1-2]\d|30|31)T([0-1]\d|2[0-4]):([0-5]\d)\-([0-1]\d|2[0-4])([0-5]\d)$
YYYY-MM-DD hh:mm-hh,1976-09-23 11:11-07,^(\d\d\d\d)-(01|02|03|04|05|06|07|08|09|10|11|12)-(0[1-9]|[1-2]\d|30|31) ([0-1]\d|2[0-4]):([0-5]\d)\-([0-1]\d|2[0-4])$
YYYY-MM-DDThh:mm-hh,1976-09-23T11:11-07,^(\d\d\d\d)-(01|02|03|04|05|06|07|08|09|10|11|12)-(0[1-9]|[1-2]\d|30|31)T([0-1]\d|2[0-4]):([0-5]\d)\-([0-1]\d|2[0-4])$
YYYY-MM-DD hhmm,1976-09-23 1111,^(\d\d\d\d)-(01|02|03|04|05|06|07|08|09|10|11|12)-(0[1-9]|[1-2]\d|30|31) ([0-1]\d|2[0-4])([0-5]\d)$
YYYY-MM-DDThhmm,1976-09-23T1111,^(\d\d\d\d)-(01|02|03|04|05|06|07|08|09|10|11|12)-(0[1-9]|[1-2]\d|30|31)T([0-1]\d|2[0-4])([0-5]\d)$
YYYY-MM-DD hhmmZ,1976-09-23 1111Z,^(\d\d\d\d)-(01|02|03|04|05|06|07|08|09|10|11|12)-(0[1-9]|[1-2]\d|30|31) ([0-1]\d|2[0-4])([0-5]\d)Z$
YYYY-MM-DDThhmmZ,1976-09-23T1111Z,^(\d\d\d\d)-(01|02|03|04|05|06|07|08|09|10|11|12)-(0[1-9]|[1-2]\d|30|31)T([0-1]\d|2[0-4])([0-5]\d)Z$
YYYY-MM-DD hhmm+hh:mm,1976-09-23 1111+07:30,^(\d\d\d\d)-(01|02|03|04|05|06|07|08|09|10|11|12)-(0[1-9]|[1-2]\d|30|31) ([0-1]\d|2[0-4])([0-5]\d)\+([0-1]\d|2[0-4]):([0-5]\d)$
YYYY-MM-DDThhmm+hh:mm,1976-09-23T1111+07:30,^(\d\d\d\d)-(01|02|03|04|05|06|07|08|09|10|11|12)-(0[1-9]|[1-2]\d|30|31)T([0-1]\d|2[0-4])([0-5]\d)\+([0-1]\d|2[0-4]):([0-5]\d)$
YYYY-MM-DD hhmm+hhmm,1976-09-23 1111+0730,^(\d\d\d\d)-(01|02|03|04|05|06|07|08|09|10|11|12)-(0[1-9]|[1-2]\d|30|31) ([0-1]\d|2[0-4])([0-5]\d)\+([0-1]\d|2[0-4])([0-5]\d)$
YYYY-MM-DDThhmm+hhmm,1976-09-23T1111+0730,^(\d\d\d\d)-(01|02|03|04|05|06|07|08|09|10|11|12)-(0[1-9]|[1-2]\d|30|31)T([0-1]\d|2[0-4])([0-5]\d)\+([0-1]\d|2[0-4])([0-5]\d)$
YYYY-MM-DD hhmm+hh,1976-09-23 1111+07,^(\d\d\d\d)-(01|02|03|04|05|06|07|08|09|10|11|12)-(0[1-9]|[1-2]\d|30|31) ([0-1]\d|2[0-4])([0-5]\d)\+([0-1]\d|2[0-4])$
YYYY-MM-DDThhmm+hh,1976-09-23T1111+07,^(\d\d\d\d)-(01|02|03|04|05|06|07|08|09|10|11|12)-(0[1-9]|[1-2]\d|30|31)T([0-1]\d|2[0-4])([0-5]\d)\+([0-1]\d|2[0-4])$
YYYY-MM-DD hhmm-hh:mm,1976-09-23 1111-07:30,^(\d\d\d\d)-(01|02|03|04|05|06|07|08|09|10|11|12)-(0[1-9]|[1-2]\d|30|31) ([0-1]\d|2[0-4])([0-5]\d)\-([0-1]\d|2[0-4]):([0-5]\d)$
YYYY-MM-DDThhmm-hh:mm,1976-09-23T1111-07:30,^(\d\d\d\d)-(01|02|03|04|05|06|07|08|09|10|11|12)-(0[1-9]|[1-2]\d|30|31)T([0-1]\d|2[0-4])([0-5]\d)\-([0-1]\d|2[0-4]):([0-5]\d)$
YYYY-MM-DD hhmm-hhmm,1976-09-23 1111-0730,^(\d\d\d\d)-(01|02|03|04|05|06|07|08|09|10|11|12)-(0[1-9]|[1-2]\d|30|31) ([0-1]\d|2[0-4])([0-5]\d)\-([0-1]\d|2[0-4])([0-5]\d)$
YYYY-MM-DDThhmm-hhmm,1976-09-23T1111-0730,^(\d\d\d\d)-(01|02|03|04|05|06|07|08|09|10|11|12)-(0[1-9]|[1-2]\d|30|31)T([0-1]\d|2[0-4])([0-5]\d)\-([0-1]\d|2[0-4])([0-5]\d)$
YYYY-MM-DD hhmm-hh,1976-09-23 1111-07,^(\d\d\d\d)-(01|02|03|04|05|06|07|08|09|10|11|12)-(0[1-9]|[1-2]\d|30|31) ([0-1]\d|2[0-4])([0-5]\d)\-([0-1]\d|2[0-4])$
YYYY-MM-DDThhmm-hh,1976-09-23T1111-07,^(\d\d\d\d)-(01|02|03|04|05|06|07|08|09|10|11|12)-(0[1-9]|[1-2]\d|30|31)T([0-1]\d|2[0-4])([0-5]\d)\-([0-1]\d|2[0-4])$
YYYY-MM-DD hh,1976-09-23 11,^(\d\d\d\d)-(01|02|03|04|05|06|07|08|09|10|11|12)-(0[1-9]|[1-2]\d|30|31) ([0-1]\d|2[0-4])$
YYYY-MM-DDThh,1976-09-23T11,^(\d\d\d\d)-(01|02|03|04|05|06|07|08|09|10|11|12)-(0[1-9]|[1-2]\d|30|31)T([0-1]\d|2[0-4])$
YYYY-MM-DD hhZ,1976-09-23 11Z,^(\d\d\d\d)-(01|02|03|04|05|06|07|08|09|10|11|12)-(0[1-9]|[1-2]\d|30|31) ([0-1]\d|2[0-4])Z$
YYYY-MM-DDThhZ,1976-09-23T11Z,^(\d\d\d\d)-(01|02|03|04|05|06|07|08|09|10|11|12)-(0[1-9]|[1-2]\d|30|31)T([0-1]\d|2[0-4])Z$
YYYY-MM-DD hh+hh:mm,1976-09-23 11+07:30,^(\d\d\d\d)-(01|02|03|04|05|06|07|08|09|10|11|12)-(0[1-9]|[1-2]\d|30|31) ([0-1]\d|2[0-4])\+([0-1]\d|2[0-4]):([0-5]\d)$
YYYY-MM-DDThh+hh:mm,1976-09-23T11+07:30,^(\d\d\d\d)-(01|02|03|04|05|06|07|08|09|10|11|12)-(0[1-9]|[1-2]\d|30|31)T([0-1]\d|2[0-4])\+([0-1]\d|2[0-4]):([0-5]\d)$
YYYY-MM-DD hh+hhmm,1976-09-23 11+0730,^(\d\d\d\d)-(01|02|03|04|05|06|07|08|09|10|11|12)-(0[1-9]|[1-2]\d|30|31) ([0-1]\d|2[0-4])\+([0-1]\d|2[0-4])([0-5]\d)$
YYYY-MM-DDThh+hhmm,1976-09-23T11+0730,^(\d\d\d\d)-(01|02|03|04|05|06|07|08|09|10|11|12)-(0[1-9]|[1-2]\d|30|31)T([0-1]\d|2[0-4])\+([0-1]\d|2[0-4])([0-5]\d)$
YYYY-MM-DD hh+hh,1976-09-23 11+07,^(\d\d\d\d)-(01|02|03|04|05|06|07|08|09|10|11|12)-(0[1-9]|[1-2]\d|30|31) ([0-1]\d|2[0-4])\+([0-1]\d|2[0-4])$
YYYY-MM-DDThh+hh,1976-09-23T11+07,^(\d\d\d\d)-(01|02|03|04|05|06|07|08|09|10|11|12)-(0[1-9]|[1-2]\d|30|31)T([0-1]\d|2[0-4])\+([0-1]\d|2[0-4])$
YYYY-MM-DD hh-hh:mm,1976-09-23 11-07:30,^(\d\d\d\d)-(01|02|03|04|05|06|07|08|09|10|11|12)-(0[1-9]|[1-2]\d|30|31) ([0-1]\d|2[0-4])\-([0-1]\d|2[0-4]):([0-5]\d)$
YYYY-MM-DDThh-hh:mm,1976-09-23T11-07:30,^(\d\d\d\d)-(01|02|03|04|05|06|07|08|09|10|11|12)-(0[1-9]|[1-2]\d|30|31)T([0-1]\d|2[0-4])\-([0-1]\d|2[0-4]):([0-5]\d)$
YYYY-MM-DD hh-hhmm,1976-09-23 11-0730,^(\d\d\d\d)-(01|02|03|04|05|06|07|08|09|10|11|12)-(0[1-9]|[1-2]\d|30|31) ([0-1]\d|2[0-4])\-([0-1]\d|2[0-4])([0-5]\d)$
YYYY-MM-DDThh-hhmm,1976-09-23T11-0730,^(\d\d\d\d)-(01|02|03|04|05|06|07|08|09|10|11|12)-(0[1-9]|[1-2]\d|30|31)T([0-1]\d|2[0-4])\-([0-1]\d|2[0-4])([0-5]\d)$
YYYY-MM-DD hh-hh,1976-09-23 11-07,^(\d\d\d\d)-(01|02|03|04|05|06|07|08|09|10|11|12)-(0[1-9]|[1-2]\d|30|31) ([0-1]\d|2[0-4])\-([0-1]\d|2[0-4])$
YYYY-MM-DDThh-hh,1976-09-23T11-07,^(\d\d\d\d)-(01|02|03|04|05|06|07|08|09|10|11|12)-(0[1-9]|[1-2]\d|30|31)T([0-1]\d|2[0-4])\-([0-1]\d|2[0-4])$
YYYY,1976,^(\d\d\d\d)$
YYYYMMDD,19760923,^(\d\d\d\d)(01|02|03|04|05|06|07|08|09|10|11|12)(0[1-9]|[1-2]\d|30|31)$
YYYYMMDD hh:mm:ss.sss,19760923 11:11:11.888,^(\d\d\d\d)(01|02|03|04|05|06|07|08|09|10|11|12)(0[1-9]|[1-2]\d|30|31) ([0-1]\d|2[0-4]):([0-5]\d):([0-5]\d)(\.\d\d\d)$
YYYYMMDDThh:mm:ss.sss,19760923T11:11:11.888,^(\d\d\d\d)(01|02|03|04|05|06|07|08|09|10|11|12)(0[1-9]|[1-2]\d|30|31)T([0-1]\d|2[0-4]):([0-5]\d):([0-5]\d)(\.\d\d\d)$
YYYYMMDD hh:mm:ss.sssZ,19760923 11:11:11.888Z,^(\d\d\d\d)(01|02|03|04|05|06|07|08|09|10|11|12)(0[1-9]|[1-2]\d|30|31) ([0-1]\d|2[0-4]):([0-5]\d):([0-5]\d)(\.\d\d\d)Z$
YYYYMMDDThh:mm:ss.sssZ,19760923T11:11:11.888Z,^(\d\d\d\d)(01|02|03|04|05|06|07|08|09|10|11|12)(0[1-9]|[1-2]\d|30|31)T([0-1]\d|2[0-4]):([0-5]\d):([0-5]\d)(\.\d\d\d)Z$
YYYYMMDD hh:mm:ss.sss+hh:mm,19760923 11:11:11.888+07:30,^(\d\d\d\d)(01|02|03|04|05|06|07|08|09|10|11|12)(0[1-9]|[1-2]\d|30|31) ([0-1]\d|2[0-4]):([0-5]\d):([0-5]\d)(\.\d\d\d)\+([0-1]\d|2[0-4]):([0-5]\d)$
YYYYMMDDThh:mm:ss.sss+hh:mm,19760923T11:11:11.888+07:30,^(\d\d\d\d)(01|02|03|04|05|06|07|08|09|10|11|12)(0[1-9]|[1-2]\d|30|31)T([0-1]\d|2[0-4]):([0-5]\d):([0-5]\d)(\.\d\d\d)\+([0-1]\d|2[0-4]):([0-5]\d)$
YYYYMMDD hh:mm:ss.sss+hhmm,19760923 11:11:11.888+0730,^(\d\d\d\d)(01|02|03|04|05|06|07|08|09|10|11|12)(0[1-9]|[1-2]\d|30|31) ([0-1]\d|2[0-4]):([0-5]\d):([0-5]\d)(\.\d\d\d)\+([0-1]\d|2[0-4])([0-5]\d)$
YYYYMMDDThh:mm:ss.sss+hhmm,19760923T11:11:11.888+0730,^(\d\d\d\d)(01|02|03|04|05|06|07|08|09|10|11|12)(0[1-9]|[1-2]\d|30|31)T([0-1]\d|2[0-4]):([0-5]\d):([0-5]\d)(\.\d\d\d)\+([0-1]\d|2[0-4])([0-5]\d)$
YYYYMMDD hh:mm:ss.sss+hh,19760923 11:11:11.888+07,^(\d\d\d\d)(01|02|03|04|05|06|07|08|09|10|11|12)(0[1-9]|[1-2]\d|30|31) ([0-1]\d|2[0-4]):([0-5]\d):([0-5]\d)(\.\d\d\d)\+([0-1]\d|2[0-4])$
YYYYMMDDThh:mm:ss.sss+hh,19760923T11:11:11.888+07,^(\d\d\d\d)(01|02|03|04|05|06|07|08|09|10|11|12)(0[1-9]|[1-2]\d|30|31)T([0-1]\d|2[0-4]):([0-5]\d):([0-5]\d)(\.\d\d\d)\+([0-1]\d|2[0-4])$
YYYYMMDD hh:mm:ss.sss-hh:mm,19760923 11:11:11.888-07:30,^(\d\d\d\d)(01|02|03|04|05|06|07|08|09|10|11|12)(0[1-9]|[1-2]\d|30|31) ([0-1]\d|2[0-4]):([0-5]\d):([0-5]\d)(\.\d\d\d)\-([0-1]\d|2[0-4]):([0-5]\d)$
YYYYMMDDThh:mm:ss.sss-hh:mm,19760923T11:11:11.888-07:30,^(\d\d\d\d)(01|02|03|04|05|06|07|08|09|10|11|12)(0[1-9]|[1-2]\d|30|31)T([0-1]\d|2[0-4]):([0-5]\d):([0-5]\d)(\.\d\d\d)\-([0-1]\d|2[0-4]):([0-5]\d)$
YYYYMMDD hh:mm:ss.sss-hhmm,19760923 11:11:11.888-0730,^(\d\d\d\d)(01|02|03|04|05|06|07|08|09|10|11|12)(0[1-9]|[1-2]\d|30|31) ([0-1]\d|2[0-4]):([0-5]\d):([0-5]\d)(\.\d\d\d)\-([0-1]\d|2[0-4])([0-5]\d)$
YYYYMMDDThh:mm:ss.sss-hhmm,19760923T11:11:11.888-0730,^(\d\d\d\d)(01|02|03|04|05|06|07|08|09|10|11|12)(0[1-9]|[1-2]\d|30|31)T([0-1]\d|2[0-4]):([0-5]\d):([0-5]\d)(\.\d\d\d)\-([0-1]\d|2[0-4])([0-5]\d)$
YYYYMMDD hh:mm:ss.sss-hh,19760923 11:11:11.888-07,^(\d\d\d\d)(01|02|03|04|05|06|07|08|09|10|11|12)(0[1-9]|[1-2]\d|30|31) ([0-1]\d|2[0-4]):([0-5]\d):([0-5]\d)(\.\d\d\d)\-([0-1]\d|2[0-4])$
YYYYMMDDThh:mm:ss.sss-hh,19760923T11:11:11.888-07,^(\d\d\d\d)(01|02|03|04|05|06|07|08|09|10|11|12)(0[1-9]|[1-2]\d|30|31)T([0-1]\d|2[0-4]):([0-5]\d):([0-5]\d)(\.\d\d\d)\-([0-1]\d|2[0-4])$
YYYYMMDD hhmmss.sss,19760923 111111.888,^(\d\d\d\d)(01|02|03|04|05|06|07|08|09|10|11|12)(0[1-9]|[1-2]\d|30|31) ([0-1]\d|2[0-4])([0-5]\d)([0-5]\d)(\.\d\d\d)$
YYYYMMDDThhmmss.sss,19760923T111111.888,^(\d\d\d\d)(01|02|03|04|05|06|07|08|09|10|11|12)(0[1-9]|[1-2]\d|30|31)T([0-1]\d|2[0-4])([0-5]\d)([0-5]\d)(\.\d\d\d)$
YYYYMMDD hhmmss.sssZ,19760923 111111.888Z,^(\d\d\d\d)(01|02|03|04|05|06|07|08|09|10|11|12)(0[1-9]|[1-2]\d|30|31) ([0-1]\d|2[0-4])([0-5]\d)([0-5]\d)(\.\d\d\d)Z$
YYYYMMDDThhmmss.sssZ,19760923T111111.888Z,^(\d\d\d\d)(01|02|03|04|05|06|07|08|09|10|11|12)(0[1-9]|[1-2]\d|30|31)T([0-1]\d|2[0-4])([0-5]\d)([0-5]\d)(\.\d\d\d)Z$
YYYYMMDD hhmmss.sss+hh:mm,19760923 111111.888+07:30,^(\d\d\d\d)(01|02|03|04|05|06|07|08|09|10|11|12)(0[1-9]|[1-2]\d|30|31) ([0-1]\d|2[0-4])([0-5]\d)([0-5]\d)(\.\d\d\d)\+([0-1]\d|2[0-4]):([0-5]\d)$
YYYYMMDDThhmmss.sss+hh:mm,19760923T111111.888+07:30,^(\d\d\d\d)(01|02|03|04|05|06|07|08|09|10|11|12)(0[1-9]|[1-2]\d|30|31)T([0-1]\d|2[0-4])([0-5]\d)([0-5]\d)(\.\d\d\d)\+([0-1]\d|2[0-4]):([0-5]\d)$
YYYYMMDD hhmmss.sss+hhmm,19760923 111111.888+0730,^(\d\d\d\d)(01|02|03|04|05|06|07|08|09|10|11|12)(0[1-9]|[1-2]\d|30|31) ([0-1]\d|2[0-4])([0-5]\d)([0-5]\d)(\.\d\d\d)\+([0-1]\d|2[0-4])([0-5]\d)$
YYYYMMDDThhmmss.sss+hhmm,19760923T111111.888+0730,^(\d\d\d\d)(01|02|03|04|05|06|07|08|09|10|11|12)(0[1-9]|[1-2]\d|30|31)T([0-1]\d|2[0-4])([0-5]\d)([0-5]\d)(\.\d\d\d)\+([0-1]\d|2[0-4])([0-5]\d)$
YYYYMMDD hhmmss.sss+hh,19760923 111111.888+07,^(\d\d\d\d)(01|02|03|04|05|06|07|08|09|10|11|12)(0[1-9]|[1-2]\d|30|31) ([0-1]\d|2[0-4])([0-5]\d)([0-5]\d)(\.\d\d\d)\+([0-1]\d|2[0-4])$
YYYYMMDDThhmmss.sss+hh,19760923T111111.888+07,^(\d\d\d\d)(01|02|03|04|05|06|07|08|09|10|11|12)(0[1-9]|[1-2]\d|30|31)T([0-1]\d|2[0-4])([0-5]\d)([0-5]\d)(\.\d\d\d)\+([0-1]\d|2[0-4])$
YYYYMMDD hhmmss.sss-hh:mm,19760923 111111.888-07:30,^(\d\d\d\d)(01|02|03|04|05|06|07|08|09|10|11|12)(0[1-9]|[1-2]\d|30|31) ([0-1]\d|2[0-4])([0-5]\d)([0-5]\d)(\.\d\d\d)\-([0-1]\d|2[0-4]):([0-5]\d)$
YYYYMMDDThhmmss.sss-hh:mm,19760923T111111.888-07:30,^(\d\d\d\d)(01|02|03|04|05|06|07|08|09|10|11|12)(0[1-9]|[1-2]\d|30|31)T([0-1]\d|2[0-4])([0-5]\d)([0-5]\d)(\.\d\d\d)\-([0-1]\d|2[0-4]):([0-5]\d)$
YYYYMMDD hhmmss.sss-hhmm,19760923 111111.888-0730,^(\d\d\d\d)(01|02|03|04|05|06|07|08|09|10|11|12)(0[1-9]|[1-2]\d|30|31) ([0-1]\d|2[0-4])([0-5]\d)([0-5]\d)(\.\d\d\d)\-([0-1]\d|2[0-4])([0-5]\d)$
YYYYMMDDThhmmss.sss-hhmm,19760923T111111.888-0730,^(\d\d\d\d)(01|02|03|04|05|06|07|08|09|10|11|12)(0[1-9]|[1-2]\d|30|31)T([0-1]\d|2[0-4])([0-5]\d)([0-5]\d)(\.\d\d\d)\-([0-1]\d|2[0-4])([0-5]\d)$
YYYYMMDD hhmmss.sss-hh,19760923 111111.888-07,^(\d\d\d\d)(01|02|03|04|05|06|07|08|09|10|11|12)(0[1-9]|[1-2]\d|30|31) ([0-1]\d|2[0-4])([0-5]\d)([0-5]\d)(\.\d\d\d)\-([0-1]\d|2[0-4])$
YYYYMMDDThhmmss.sss-hh,19760923T111111.888-07,^(\d\d\d\d)(01|02|03|04|05|06|07|08|09|10|11|12)(0[1-9]|[1-2]\d|30|31)T([0-1]\d|2[0-4])([0-5]\d)([0-5]\d)(\.\d\d\d)\-([0-1]\d|2[0-4])$
YYYYMMDD hh:mm:ss,19760923 11:11:11,^(\d\d\d\d)(01|02|03|04|05|06|07|08|09|10|11|12)(0[1-9]|[1-2]\d|30|31) ([0-1]\d|2[0-4]):([0-5]\d):([0-5]\d)$
YYYYMMDDThh:mm:ss,19760923T11:11:11,^(\d\d\d\d)(01|02|03|04|05|06|07|08|09|10|11|12)(0[1-9]|[1-2]\d|30|31)T([0-1]\d|2[0-4]):([0-5]\d):([0-5]\d)$
YYYYMMDD hh:mm:ssZ,19760923 11:11:11Z,^(\d\d\d\d)(01|02|03|04|05|06|07|08|09|10|11|12)(0[1-9]|[1-2]\d|30|31) ([0-1]\d|2[0-4]):([0-5]\d):([0-5]\d)Z$
YYYYMMDDThh:mm:ssZ,19760923T11:11:11Z,^(\d\d\d\d)(01|02|03|04|05|06|07|08|09|10|11|12)(0[1-9]|[1-2]\d|30|31)T([0-1]\d|2[0-4]):([0-5]\d):([0-5]\d)Z$
YYYYMMDD hh:mm:ss+hh:mm,19760923 11:11:11+07:30,^(\d\d\d\d)(01|02|03|04|05|06|07|08|09|10|11|12)(0[1-9]|[1-2]\d|30|31) ([0-1]\d|2[0-4]):([0-5]\d):([0-5]\d)\+([0-1]\d|2[0-4]):([0-5]\d)$
YYYYMMDDThh:mm:ss+hh:mm,19760923T11:11:11+07:30,^(\d\d\d\d)(01|02|03|04|05|06|07|08|09|10|11|12)(0[1-9]|[1-2]\d|30|31)T([0-1]\d|2[0-4]):([0-5]\d):([0-5]\d)\+([0-1]\d|2[0-4]):([0-5]\d)$
YYYYMMDD hh:mm:ss+hhmm,19760923 11:11:11+0730,^(\d\d\d\d)(01|02|03|04|05|06|07|08|09|10|11|12)(0[1-9]|[1-2]\d|30|31) ([0-1]\d|2[0-4]):([0-5]\d):([0-5]\d)\+([0-1]\d|2[0-4])([0-5]\d)$
YYYYMMDDThh:mm:ss+hhmm,19760923T11:11:11+0730,^(\d\d\d\d)(01|02|03|04|05|06|07|08|09|10|11|12)(0[1-9]|[1-2]\d|30|31)T([0-1]\d|2[0-4]):([0-5]\d):([0-5]\d)\+([0-1]\d|2[0-4])([0-5]\d)$
YYYYMMDD hh:mm:ss+hh,19760923 11:11:11+07,^(\d\d\d\d)(01|02|03|04|05|06|07|08|09|10|11|12)(0[1-9]|[1-2]\d|30|31) ([0-1]\d|2[0-4]):([0-5]\d):([0-5]\d)\+([0-1]\d|2[0-4])$
YYYYMMDDThh:mm:ss+hh,19760923T11:11:11+07,^(\d\d\d\d)(01|02|03|04|05|06|07|08|09|10|11|12)(0[1-9]|[1-2]\d|30|31)T([0-1]\d|2[0-4]):([0-5]\d):([0-5]\d)\+([0-1]\d|2[0-4])$
YYYYMMDD hh:mm:ss-hh:mm,19760923 11:11:11-07:30,^(\d\d\d\d)(01|02|03|04|05|06|07|08|09|10|11|12)(0[1-9]|[1-2]\d|30|31) ([0-1]\d|2[0-4]):([0-5]\d):([0-5]\d)\-([0-1]\d|2[0-4]):([0-5]\d)$
YYYYMMDDThh:mm:ss-hh:mm,19760923T11:11:11-07:30,^(\d\d\d\d)(01|02|03|04|05|06|07|08|09|10|11|12)(0[1-9]|[1-2]\d|30|31)T([0-1]\d|2[0-4]):([0-5]\d):([0-5]\d)\-([0-1]\d|2[0-4]):([0-5]\d)$
YYYYMMDD hh:mm:ss-hhmm,19760923 11:11:11-0730,^(\d\d\d\d)(01|02|03|04|05|06|07|08|09|10|11|12)(0[1-9]|[1-2]\d|30|31) ([0-1]\d|2[0-4]):([0-5]\d):([0-5]\d)\-([0-1]\d|2[0-4])([0-5]\d)$
YYYYMMDDThh:mm:ss-hhmm,19760923T11:11:11-0730,^(\d\d\d\d)(01|02|03|04|05|06|07|08|09|10|11|12)(0[1-9]|[1-2]\d|30|31)T([0-1]\d|2[0-4]):([0-5]\d):([0-5]\d)\-([0-1]\d|2[0-4])([0-5]\d)$
YYYYMMDD hh:mm:ss-hh,19760923 11:11:11-07,^(\d\d\d\d)(01|02|03|04|05|06|07|08|09|10|11|12)(0[1-9]|[1-2]\d|30|31) ([0-1]\d|2[0-4]):([0-5]\d):([0-5]\d)\-([0-1]\d|2[0-4])$
YYYYMMDDThh:mm:ss-hh,19760923T11:11:11-07,^(\d\d\d\d)(01|02|03|04|05|06|07|08|09|10|11|12)(0[1-9]|[1-2]\d|30|31)T([0-1]\d|2[0-4]):([0-5]\d):([0-5]\d)\-([0-1]\d|2[0-4])$
YYYYMMDD hhmmss,19760923 111111,^(\d\d\d\d)(01|02|03|04|05|06|07|08|09|10|11|12)(0[1-9]|[1-2]\d|30|31) ([0-1]\d|2[0-4])([0-5]\d)([0-5]\d)$
YYYYMMDDThhmmss,19760923T111111,^(\d\d\d\d)(01|02|03|04|05|06|07|08|09|10|11|12)(0[1-9]|[1-2]\d|30|31)T([0-1]\d|2[0-4])([0-5]\d)([0-5]\d)$
YYYYMMDD hhmmssZ,19760923 111111Z,^(\d\d\d\d)(01|02|03|04|05|06|07|08|09|10|11|12)(0[1-9]|[1-2]\d|30|31) ([0-1]\d|2[0-4])([0-5]\d)([0-5]\d)Z$
YYYYMMDDThhmmssZ,19760923T111111Z,^(\d\d\d\d)(01|02|03|04|05|06|07|08|09|10|11|12)(0[1-9]|[1-2]\d|30|31)T([0-1]\d|2[0-4])([0-5]\d)([0-5]\d)Z$
YYYYMMDD hhmmss+hh:mm,19760923 111111+07:30,^(\d\d\d\d)(01|02|03|04|05|06|07|08|09|10|11|12)(0[1-9]|[1-2]\d|30|31) ([0-1]\d|2[0-4])([0-5]\d)([0-5]\d)\+([0-1]\d|2[0-4]):([0-5]\d)$
YYYYMMDDThhmmss+hh:mm,19760923T111111+07:30,^(\d\d\d\d)(01|02|03|04|05|06|07|08|09|10|11|12)(0[1-9]|[1-2]\d|30|31)T([0-1]\d|2[0-4])([0-5]\d)([0-5]\d)\+([0-1]\d|2[0-4]):([0-5]\d)$
YYYYMMDD hhmmss+hhmm,19760923 111111+0730,^(\d\d\d\d)(01|02|03|04|05|06|07|08|09|10|11|12)(0[1-9]|[1-2]\d|30|31) ([0-1]\d|2[0-4])([0-5]\d)([0-5]\d)\+([0-1]\d|2[0-4])([0-5]\d)$
YYYYMMDDThhmmss+hhmm,19760923T111111+0730,^(\d\d\d\d)(01|02|03|04|05|06|07|08|09|10|11|12)(0[1-9]|[1-2]\d|30|31)T([0-1]\d|2[0-4])([0-5]\d)([0-5]\d)\+([0-1]\d|2[0-4])([0-5]\d)$
YYYYMMDD hhmmss+hh,19760923 111111+07,^(\d\d\d\d)(01|02|03|04|05|06|07|08|09|10|11|12)(0[1-9]|[1-2]\d|30|31) ([0-1]\d|2[0-4])([0-5]\d)([0-5]\d)\+([0-1]\d|2[0-4])$
YYYYMMDDThhmmss+hh,19760923T111111+07,^(\d\d\d\d)(01|02|03|04|05|06|07|08|09|10|11|12)(0[1-9]|[1-2]\d|30|31)T([0-1]\d|2[0-4])([0-5]\d)([0-5]\d)\+([0-1]\d|2[0-4])$
YYYYMMDD hhmmss-hh:mm,19760923 111111-07:30,^(\d\d\d\d)(01|02|03|04|05|06|07|08|09|10|11|12)(0[1-9]|[1-2]\d|30|31) ([0-1]\d|2[0-4])([0-5]\d)([0-5]\d)\-([0-1]\d|2[0-4]):([0-5]\d)$
YYYYMMDDThhmmss-hh:mm,19760923T111111-07:30,^(\d\d\d\d)(01|02|03|04|05|06|07|08|09|10|11|12)(0[1-9]|[1-2]\d|30|31)T([0-1]\d|2[0-4])([0-5]\d)([0-5]\d)\-([0-1]\d|2[0-4]):([0-5]\d)$
YYYYMMDD hhmmss-hhmm,19760923 111111-0730,^(\d\d\d\d)(01|02|03|04|05|06|07|08|09|10|11|12)(0[1-9]|[1-2]\d|30|31) ([0-1]\d|2[0-4])([0-5]\d)([0-5]\d)\-([0-1]\d|2[0-4])([0-5]\d)$
YYYYMMDDThhmmss-hhmm,19760923T111111-0730,^(\d\d\d\d)(01|02|03|04|05|06|07|08|09|10|11|12)(0[1-9]|[1-2]\d|30|31)T([0-1]\d|2[0-4])([0-5]\d)([0-5]\d)\-([0-1]\d|2[0-4])([0-5]\d)$
YYYYMMDD hhmmss-hh,19760923 111111-07,^(\d\d\d\d)(01|02|03|04|05|06|07|08|09|10|11|12)(0[1-9]|[1-2]\d|30|31) ([0-1]\d|2[0-4])([0-5]\d)([0-5]\d)\-([0-1]\d|2[0-4])$
YYYYMMDDThhmmss-hh,19760923T111111-07,^(\d\d\d\d)(01|02|03|04|05|06|07|08|09|10|11|12)(0[1-9]|[1-2]\d|30|31)T([0-1]\d|2[0-4])([0-5]\d)([0-5]\d)\-([0-1]\d|2[0-4])$
YYYYMMDD hh:mm,19760923 11:11,^(\d\d\d\d)(01|02|03|04|05|06|07|08|09|10|11|12)(0[1-9]|[1-2]\d|30|31) ([0-1]\d|2[0-4]):([0-5]\d)$
YYYYMMDDThh:mm,19760923T11:11,^(\d\d\d\d)(01|02|03|04|05|06|07|08|09|10|11|12)(0[1-9]|[1-2]\d|30|31)T([0-1]\d|2[0-4]):([0-5]\d)$
YYYYMMDD hh:mmZ,19760923 11:11Z,^(\d\d\d\d)(01|02|03|04|05|06|07|08|09|10|11|12)(0[1-9]|[1-2]\d|30|31) ([0-1]\d|2[0-4]):([0-5]\d)Z$
YYYYMMDDThh:mmZ,19760923T11:11Z,^(\d\d\d\d)(01|02|03|04|05|06|07|08|09|10|11|12)(0[1-9]|[1-2]\d|30|31)T([0-1]\d|2[0-4]):([0-5]\d)Z$
YYYYMMDD hh:mm+hh:mm,19760923 11:11+07:30,^(\d\d\d\d)(01|02|03|04|05|06|07|08|09|10|11|12)(0[1-9]|[1-2]\d|30|31) ([0-1]\d|2[0-4]):([0-5]\d)\+([0-1]\d|2[0-4]):([0-5]\d)$
YYYYMMDDThh:mm+hh:mm,19760923T11:11+07:30,^(\d\d\d\d)(01|02|03|04|05|06|07|08|09|10|11|12)(0[1-9]|[1-2]\d|30|31)T([0-1]\d|2[0-4]):([0-5]\d)\+([0-1]\d|2[0-4]):([0-5]\d)$
YYYYMMDD hh:mm+hhmm,19760923 11:11+0730,^(\d\d\d\d)(01|02|03|04|05|06|07|08|09|10|11|12)(0[1-9]|[1-2]\d|30|31) ([0-1]\d|2[0-4]):([0-5]\d)\+([0-1]\d|2[0-4])([0-5]\d)$
YYYYMMDDThh:mm+hhmm,19760923T11:11+0730,^(\d\d\d\d)(01|02|03|04|05|06|07|08|09|10|11|12)(0[1-9]|[1-2]\d|30|31)T([0-1]\d|2[0-4]):([0-5]\d)\+([0-1]\d|2[0-4])([0-5]\d)$
YYYYMMDD hh:mm+hh,19760923 11:11+07,^(\d\d\d\d)(01|02|03|04|05|06|07|08|09|10|11|12)(0[1-9]|[1-2]\d|30|31) ([0-1]\d|2[0-4]):([0-5]\d)\+([0-1]\d|2[0-4])$
YYYYMMDDThh:mm+hh,19760923T11:11+07,^(\d\d\d\d)(01|02|03|04|05|06|07|08|09|10|11|12)(0[1-9]|[1-2]\d|30|31)T([0-1]\d|2[0-4]):([0-5]\d)\+([0-1]\d|2[0-4])$
YYYYMMDD hh:mm-hh:mm,19760923 11:11-07:30,^(\d\d\d\d)(01|02|03|04|05|06|07|08|09|10|11|12)(0[1-9]|[1-2]\d|30|31) ([0-1]\d|2[0-4]):([0-5]\d)\-([0-1]\d|2[0-4]):([0-5]\d)$
YYYYMMDDThh:mm-hh:mm,19760923T11:11-07:30,^(\d\d\d\d)(01|02|03|04|05|06|07|08|09|10|11|12)(0[1-9]|[1-2]\d|30|31)T([0-1]\d|2[0-4]):([0-5]\d)\-([0-1]\d|2[0-4]):([0-5]\d)$
YYYYMMDD hh:mm-hhmm,19760923 11:11-0730,^(\d\d\d\d)(01|02|03|04|05|06|07|08|09|10|11|12)(0[1-9]|[1-2]\d|30|31) ([0-1]\d|2[0-4]):([0-5]\d)\-([0-1]\d|2[0-4])([0-5]\d)$
YYYYMMDDThh:mm-hhmm,19760923T11:11-0730,^(\d\d\d\d)(01|02|03|04|05|06|07|08|09|10|11|12)(0[1-9]|[1-2]\d|30|31)T([0-1]\d|2[0-4]):([0-5]\d)\-([0-1]\d|2[0-4])([0-5]\d)$
YYYYMMDD hh:mm-hh,19760923 11:11-07,^(\d\d\d\d)(01|02|03|04|05|06|07|08|09|10|11|12)(0[1-9]|[1-2]\d|30|31) ([0-1]\d|2[0-4]):([0-5]\d)\-([0-1]\d|2[0-4])$
YYYYMMDDThh:mm-hh,19760923T11:11-07,^(\d\d\d\d)(01|02|03|04|05|06|07|08|09|10|11|12)(0[1-9]|[1-2]\d|30|31)T([0-1]\d|2[0-4]):([0-5]\d)\-([0-1]\d|2[0-4])$
YYYYMMDD hhmm,19760923 1111,^(\d\d\d\d)(01|02|03|04|05|06|07|08|09|10|11|12)(0[1-9]|[1-2]\d|30|31) ([0-1]\d|2[0-4])([0-5]\d)$
YYYYMMDDThhmm,19760923T1111,^(\d\d\d\d)(01|02|03|04|05|06|07|08|09|10|11|12)(0[1-9]|[1-2]\d|30|31)T([0-1]\d|2[0-4])([0-5]\d)$
YYYYMMDD hhmmZ,19760923 1111Z,^(\d\d\d\d)(01|02|03|04|05|06|07|08|09|10|11|12)(0[1-9]|[1-2]\d|30|31) ([0-1]\d|2[0-4])([0-5]\d)Z$
YYYYMMDDThhmmZ,19760923T1111Z,^(\d\d\d\d)(01|02|03|04|05|06|07|08|09|10|11|12)(0[1-9]|[1-2]\d|30|31)T([0-1]\d|2[0-4])([0-5]\d)Z$
YYYYMMDD hhmm+hh:mm,19760923 1111+07:30,^(\d\d\d\d)(01|02|03|04|05|06|07|08|09|10|11|12)(0[1-9]|[1-2]\d|30|31) ([0-1]\d|2[0-4])([0-5]\d)\+([0-1]\d|2[0-4]):([0-5]\d)$
YYYYMMDDThhmm+hh:mm,19760923T1111+07:30,^(\d\d\d\d)(01|02|03|04|05|06|07|08|09|10|11|12)(0[1-9]|[1-2]\d|30|31)T([0-1]\d|2[0-4])([0-5]\d)\+([0-1]\d|2[0-4]):([0-5]\d)$
YYYYMMDD hhmm+hhmm,19760923 1111+0730,^(\d\d\d\d)(01|02|03|04|05|06|07|08|09|10|11|12)(0[1-9]|[1-2]\d|30|31) ([0-1]\d|2[0-4])([0-5]\d)\+([0-1]\d|2[0-4])([0-5]\d)$
YYYYMMDDThhmm+hhmm,19760923T1111+0730,^(\d\d\d\d)(01|02|03|04|05|06|07|08|09|10|11|12)(0[1-9]|[1-2]\d|30|31)T([0-1]\d|2[0-4])([0-5]\d)\+([0-1]\d|2[0-4])([0-5]\d)$
YYYYMMDD hhmm+hh,19760923 1111+07,^(\d\d\d\d)(01|02|03|04|05|06|07|08|09|10|11|12)(0[1-9]|[1-2]\d|30|31) ([0-1]\d|2[0-4])([0-5]\d)\+([0-1]\d|2[0-4])$
YYYYMMDDThhmm+hh,19760923T1111+07,^(\d\d\d\d)(01|02|03|04|05|06|07|08|09|10|11|12)(0[1-9]|[1-2]\d|30|31)T([0-1]\d|2[0-4])([0-5]\d)\+([0-1]\d|2[0-4])$
YYYYMMDD hhmm-hh:mm,19760923 1111-07:30,^(\d\d\d\d)(01|02|03|04|05|06|07|08|09|10|11|12)(0[1-9]|[1-2]\d|30|31) ([0-1]\d|2[0-4])([0-5]\d)\-([0-1]\d|2[0-4]):([0-5]\d)$
YYYYMMDDThhmm-hh:mm,19760923T1111-07:30,^(\d\d\d\d)(01|02|03|04|05|06|07|08|09|10|11|12)(0[1-9]|[1-2]\d|30|31)T([0-1]\d|2[0-4])([0-5]\d)\-([0-1]\d|2[0-4]):([0-5]\d)$
YYYYMMDD hhmm-hhmm,19760923 1111-0730,^(\d\d\d\d)(01|02|03|04|05|06|07|08|09|10|11|12)(0[1-9]|[1-2]\d|30|31) ([0-1]\d|2[0-4])([0-5]\d)\-([0-1]\d|2[0-4])([0-5]\d)$
YYYYMMDDThhmm-hhmm,19760923T1111-0730,^(\d\d\d\d)(01|02|03|04|05|06|07|08|09|10|11|12)(0[1-9]|[1-2]\d|30|31)T([0-1]\d|2[0-4])([0-5]\d)\-([0-1]\d|2[0-4])([0-5]\d)$
YYYYMMDD hhmm-hh,19760923 1111-07,^(\d\d\d\d)(01|02|03|04|05|06|07|08|09|10|11|12)(0[1-9]|[1-2]\d|30|31) ([0-1]\d|2[0-4])([0-5]\d)\-([0-1]\d|2[0-4])$
YYYYMMDDThhmm-hh,19760923T1111-07,^(\d\d\d\d)(01|02|03|04|05|06|07|08|09|10|11|12)(0[1-9]|[1-2]\d|30|31)T([0-1]\d|2[0-4])([0-5]\d)\-([0-1]\d|2[0-4])$
YYYYMMDD hh,19760923 11,^(\d\d\d\d)(01|02|03|04|05|06|07|08|09|10|11|12)(0[1-9]|[1-2]\d|30|31) ([0-1]\d|2[0-4])$
YYYYMMDDThh,19760923T11,^(\d\d\d\d)(01|02|03|04|05|06|07|08|09|10|11|12)(0[1-9]|[1-2]\d|30|31)T([0-1]\d|2[0-4])$
YYYYMMDD hhZ,19760923 11Z,^(\d\d\d\d)(01|02|03|04|05|06|07|08|09|10|11|12)(0[1-9]|[1-2]\d|30|31) ([0-1]\d|2[0-4])Z$
YYYYMMDDThhZ,19760923T11Z,^(\d\d\d\d)(01|02|03|04|05|06|07|08|09|10|11|12)(0[1-9]|[1-2]\d|30|31)T([0-1]\d|2[0-4])Z$
YYYYMMDD hh+hh:mm,19760923 11+07:30,^(\d\d\d\d)(01|02|03|04|05|06|07|08|09|10|11|12)(0[1-9]|[1-2]\d|30|31) ([0-1]\d|2[0-4])\+([0-1]\d|2[0-4]):([0-5]\d)$
YYYYMMDDThh+hh:mm,19760923T11+07:30,^(\d\d\d\d)(01|02|03|04|05|06|07|08|09|10|11|12)(0[1-9]|[1-2]\d|30|31)T([0-1]\d|2[0-4])\+([0-1]\d|2[0-4]):([0-5]\d)$
YYYYMMDD hh+hhmm,19760923 11+0730,^(\d\d\d\d)(01|02|03|04|05|06|07|08|09|10|11|12)(0[1-9]|[1-2]\d|30|31) ([0-1]\d|2[0-4])\+([0-1]\d|2[0-4])([0-5]\d)$
YYYYMMDDThh+hhmm,19760923T11+0730,^(\d\d\d\d)(01|02|03|04|05|06|07|08|09|10|11|12)(0[1-9]|[1-2]\d|30|31)T([0-1]\d|2[0-4])\+([0-1]\d|2[0-4])([0-5]\d)$
YYYYMMDD hh+hh,19760923 11+07,^(\d\d\d\d)(01|02|03|04|05|06|07|08|09|10|11|12)(0[1-9]|[1-2]\d|30|31) ([0-1]\d|2[0-4])\+([0-1]\d|2[0-4])$
YYYYMMDDThh+hh,19760923T11+07,^(\d\d\d\d)(01|02|03|04|05|06|07|08|09|10|11|12)(0[1-9]|[1-2]\d|30|31)T([0-1]\d|2[0-4])\+([0-1]\d|2[0-4])$
YYYYMMDD hh-hh:mm,19760923 11-07:30,^(\d\d\d\d)(01|02|03|04|05|06|07|08|09|10|11|12)(0[1-9]|[1-2]\d|30|31) ([0-1]\d|2[0-4])\-([0-1]\d|2[0-4]):([0-5]\d)$
YYYYMMDDThh-hh:mm,19760923T11-07:30,^(\d\d\d\d)(01|02|03|04|05|06|07|08|09|10|11|12)(0[1-9]|[1-2]\d|30|31)T([0-1]\d|2[0-4])\-([0-1]\d|2[0-4]):([0-5]\d)$
YYYYMMDD hh-hhmm,19760923 11-0730,^(\d\d\d\d)(01|02|03|04|05|06|07|08|09|10|11|12)(0[1-9]|[1-2]\d|30|31) ([0-1]\d|2[0-4])\-([0-1]\d|2[0-4])([0-5]\d)$
YYYYMMDDThh-hhmm,19760923T11-0730,^(\d\d\d\d)(01|02|03|04|05|06|07|08|09|10|11|12)(0[1-9]|[1-2]\d|30|31)T([0-1]\d|2[0-4])\-([0-1]\d|2[0-4])([0-5]\d)$
YYYYMMDD hh-hh,19760923 11-07,^(\d\d\d\d)(01|02|03|04|05|06|07|08|09|10|11|12)(0[1-9]|[1-2]\d|30|31) ([0-1]\d|2[0-4])\-([0-1]\d|2[0-4])$
YYYYMMDDThh-hh,19760923T11-07,^(\d\d\d\d)(01|02|03|04|05|06|07|08|09|10|11|12)(0[1-9]|[1-2]\d|30|31)T([0-1]\d|2[0-4])\-([0-1]\d|2[0-4])$
YYYY-MM,1976-09,^(\d\d\d\d)-(01|02|03|04|05|06|07|08|09|10|11|12)$
YYYYMM,197609,^(\d\d\d\d)(01|02|03|04|05|06|07|08|09|10|11|12)$
YYYY-DDD,1976-250,^(\d\d\d\d)-[0-3]\d\d$
YYYY-DDD hh:mm:ss.sss,1976-250 11:11:11.888,^(\d\d\d\d)-[0-3]\d\d ([0-1]\d|2[0-4]):([0-5]\d):([0-5]\d)(\.\d\d\d)$
YYYY-DDDThh:mm:ss.sss,1976-250T11:11:11.888,^(\d\d\d\d)-[0-3]\d\dT([0-1]\d|2[0-4]):([0-5]\d):([0-5]\d)(\.\d\d\d)$
YYYY-DDD hh:mm:ss.sssZ,1976-250 11:11:11.888Z,^(\d\d\d\d)-[0-3]\d\d ([0-1]\d|2[0-4]):([0-5]\d):([0-5]\d)(\.\d\d\d)Z$
YYYY-DDDThh:mm:ss.sssZ,1976-250T11:11:11.888Z,^(\d\d\d\d)-[0-3]\d\dT([0-1]\d|2[0-4]):([0-5]\d):([0-5]\d)(\.\d\d\d)Z$
YYYY-DDD hh:mm:ss.sss+hh:mm,1976-250 11:11:11.888+07:30,^(\d\d\d\d)-[0-3]\d\d ([0-1]\d|2[0-4]):([0-5]\d):([0-5]\d)(\.\d\d\d)\+([0-1]\d|2[0-4]):([0-5]\d)$
YYYY-DDDThh:mm:ss.sss+hh:mm,1976-250T11:11:11.888+07:30,^(\d\d\d\d)-[0-3]\d\dT([0-1]\d|2[0-4]):([0-5]\d):([0-5]\d)(\.\d\d\d)\+([0-1]\d|2[0-4]):([0-5]\d)$
YYYY-DDD hh:mm:ss.sss+hhmm,1976-250 11:11:11.888+0730,^(\d\d\d\d)-[0-3]\d\d ([0-1]\d|2[0-4]):([0-5]\d):([0-5]\d)(\.\d\d\d)\+([0-1]\d|2[0-4])([0-5]\d)$
YYYY-DDDThh:mm:ss.sss+hhmm,1976-250T11:11:11.888+0730,^(\d\d\d\d)-[0-3]\d\dT([0-1]\d|2[0-4]):([0-5]\d):([0-5]\d)(\.\d\d\d)\+([0-1]\d|2[0-4])([0-5]\d)$
YYYY-DDD hh:mm:ss.sss+hh,1976-250 11:11:11.888+07,^(\d\d\d\d)-[0-3]\d\d ([0-1]\d|2[0-4]):([0-5]\d):([0-5]\d)(\.\d\d\d)\+([0-1]\d|2[0-4])$
YYYY-DDDThh:mm:ss.sss+hh,1976-250T11:11:11.888+07,^(\d\d\d\d)-[0-3]\d\dT([0-1]\d|2[0-4]):([0-5]\d):([0-5]\d)(\.\d\d\d)\+([0-1]\d|2[0-4])$
YYYY-DDD hh:mm:ss.sss-hh:mm,1976-250 11:11:11.888-07:30,^(\d\d\d\d)-[0-3]\d\d ([0-1]\d|2[0-4]):([0-5]\d):([0-5]\d)(\.\d\d\d)\-([0-1]\d|2[0-4]):([0-5]\d)$
YYYY-DDDThh:mm:ss.sss-hh:mm,1976-250T11:11:11.888-07:30,^(\d\d\d\d)-[0-3]\d\dT([0-1]\d|2[0-4]):([0-5]\d):([0-5]\d)(\.\d\d\d)\-([0-1]\d|2[0-4]):([0-5]\d)$
YYYY-DDD hh:mm:ss.sss-hhmm,1976-250 11:11:11.888-0730,^(\d\d\d\d)-[0-3]\d\d ([0-1]\d|2[0-4]):([0-5]\d):([0-5]\d)(\.\d\d\d)\-([0-1]\d|2[0-4])([0-5]\d)$
YYYY-DDDThh:mm:ss.sss-hhmm,1976-250T11:11:11.888-0730,^(\d\d\d\d)-[0-3]\d\dT([0-1]\d|2[0-4]):([0-5]\d):([0-5]\d)(\.\d\d\d)\-([0-1]\d|2[0-4])([0-5]\d)$
YYYY-DDD hh:mm:ss.sss-hh,1976-250 11:11:11.888-07,^(\d\d\d\d)-[0-3]\d\d ([0-1]\d|2[0-4]):([0-5]\d):([0-5]\d)(\.\d\d\d)\-([0-1]\d|2[0-4])$
YYYY-DDDThh:mm:ss.sss-hh,1976-250T11:11:11.888-07,^(\d\d\d\d)-[0-3]\d\dT([0-1]\d|2[0-4]):([0-5]\d):([0-5]\d)(\.\d\d\d)\-([0-1]\d|2[0-4])$
YYYY-DDD hhmmss.sss,1976-250 111111.888,^(\d\d\d\d)-[0-3]\d\d ([0-1]\d|2[0-4])([0-5]\d)([0-5]\d)(\.\d\d\d)$
YYYY-DDDThhmmss.sss,1976-250T111111.888,^(\d\d\d\d)-[0-3]\d\dT([0-1]\d|2[0-4])([0-5]\d)([0-5]\d)(\.\d\d\d)$
YYYY-DDD hhmmss.sssZ,1976-250 111111.888Z,^(\d\d\d\d)-[0-3]\d\d ([0-1]\d|2[0-4])([0-5]\d)([0-5]\d)(\.\d\d\d)Z$
YYYY-DDDThhmmss.sssZ,1976-250T111111.888Z,^(\d\d\d\d)-[0-3]\d\dT([0-1]\d|2[0-4])([0-5]\d)([0-5]\d)(\.\d\d\d)Z$
YYYY-DDD hhmmss.sss+hh:mm,1976-250 111111.888+07:30,^(\d\d\d\d)-[0-3]\d\d ([0-1]\d|2[0-4])([0-5]\d)([0-5]\d)(\.\d\d\d)\+([0-1]\d|2[0-4]):([0-5]\d)$
YYYY-DDDThhmmss.sss+hh:mm,1976-250T111111.888+07:30,^(\d\d\d\d)-[0-3]\d\dT([0-1]\d|2[0-4])([0-5]\d)([0-5]\d)(\.\d\d\d)\+([0-1]\d|2[0-4]):([0-5]\d)$
YYYY-DDD hhmmss.sss+hhmm,1976-250 111111.888+0730,^(\d\d\d\d)-[0-3]\d\d ([0-1]\d|2[0-4])([0-5]\d)([0-5]\d)(\.\d\d\d)\+([0-1]\d|2[0-4])([0-5]\d)$
YYYY-DDDThhmmss.sss+hhmm,1976-250T111111.888+0730,^(\d\d\d\d)-[0-3]\d\dT([0-1]\d|2[0-4])([0-5]\d)([0-5]\d)(\.\d\d\d)\+([0-1]\d|2[0-4])([0-5]\d)$
YYYY-DDD hhmmss.sss+hh,1976-250 111111.888+07,^(\d\d\d\d)-[0-3]\d\d ([0-1]\d|2[0-4])([0-5]\d)([0-5]\d)(\.\d\d\d)\+([0-1]\d|2[0-4])$
YYYY-DDDThhmmss.sss+hh,1976-250T111111.888+07,^(\d\d\d\d)-[0-3]\d\dT([0-1]\d|2[0-4])([0-5]\d)([0-5]\d)(\.\d\d\d)\+([0-1]\d|2[0-4])$
YYYY-DDD hhmmss.sss-hh:mm,1976-250 111111.888-07:30,^(\d\d\d\d)-[0-3]\d\d ([0-1]\d|2[0-4])([0-5]\d)([0-5]\d)(\.\d\d\d)\-([0-1]\d|2[0-4]):([0-5]\d)$
YYYY-DDDThhmmss.sss-hh:mm,1976-250T111111.888-07:30,^(\d\d\d\d)-[0-3]\d\dT([0-1]\d|2[0-4])([0-5]\d)([0-5]\d)(\.\d\d\d)\-([0-1]\d|2[0-4]):([0-5]\d)$
YYYY-DDD hhmmss.sss-hhmm,1976-250 111111.888-0730,^(\d\d\d\d)-[0-3]\d\d ([0-1]\d|2[0-4])([0-5]\d)([0-5]\d)(\.\d\d\d)\-([0-1]\d|2[0-4])([0-5]\d)$
YYYY-DDDThhmmss.sss-hhmm,1976-250T111111.888-0730,^(\d\d\d\d)-[0-3]\d\dT([0-1]\d|2[0-4])([0-5]\d)([0-5]\d)(\.\d\d\d)\-([0-1]\d|2[0-4])([0-5]\d)$
YYYY-DDD hhmmss.sss-hh,1976-250 111111.888-07,^(\d\d\d\d)-[0-3]\d\d ([0-1]\d|2[0-4])([0-5]\d)([0-5]\d)(\.\d\d\d)\-([0-1]\d|2[0-4])$
YYYY-DDDThhmmss.sss-hh,1976-250T111111.888-07,^(\d\d\d\d)-[0-3]\d\dT([0-1]\d|2[0-4])([0-5]\d)([0-5]\d)(\.\d\d\d)\-([0-1]\d|2[0-4])$
YYYY-DDD hh:mm:ss,1976-250 11:11:11,^(\d\d\d\d)-[0-3]\d\d ([0-1]\d|2[0-4]):([0-5]\d):([0-5]\d)$
YYYY-DDDThh:mm:ss,1976-250T11:11:11,^(\d\d\d\d)-[0-3]\d\dT([0-1]\d|2[0-4]):([0-5]\d):([0-5]\d)$
YYYY-DDD hh:mm:ssZ,1976-250 11:11:11Z,^(\d\d\d\d)-[0-3]\d\d ([0-1]\d|2[0-4]):([0-5]\d):([0-5]\d)Z$
YYYY-DDDThh:mm:ssZ,1976-250T11:11:11Z,^(\d\d\d\d)-[0-3]\d\dT([0-1]\d|2[0-4]):([0-5]\d):([0-5]\d)Z$
YYYY-DDD hh:mm:ss+hh:mm,1976-250 11:11:11+07:30,^(\d\d\d\d)-[0-3]\d\d ([0-1]\d|2[0-4]):([0-5]\d):([0-5]\d)\+([0-1]\d|2[0-4]):([0-5]\d)$
YYYY-DDDThh:mm:ss+hh:mm,1976-250T11:11:11+07:30,^(\d\d\d\d)-[0-3]\d\dT([0-1]\d|2[0-4]):([0-5]\d):([0-5]\d)\+([0-1]\d|2[0-4]):([0-5]\d)$
YYYY-DDD hh:mm:ss+hhmm,1976-250 11:11:11+0730,^(\d\d\d\d)-[0-3]\d\d ([0-1]\d|2[0-4]):([0-5]\d):([0-5]\d)\+([0-1]\d|2[0-4])([0-5]\d)$
YYYY-DDDThh:mm:ss+hhmm,1976-250T11:11:11+0730,^(\d\d\d\d)-[0-3]\d\dT([0-1]\d|2[0-4]):([0-5]\d):([0-5]\d)\+([0-1]\d|2[0-4])([0-5]\d)$
YYYY-DDD hh:mm:ss+hh,1976-250 11:11:11+07,^(\d\d\d\d)-[0-3]\d\d ([0-1]\d|2[0-4]):([0-5]\d):([0-5]\d)\+([0-1]\d|2[0-4])$
YYYY-DDDThh:mm:ss+hh,1976-250T11:11:11+07,^(\d\d\d\d)-[0-3]\d\dT([0-1]\d|2[0-4]):([0-5]\d):([0-5]\d)\+([0-1]\d|2[0-4])$
YYYY-DDD hh:mm:ss-hh:mm,1976-250 11:11:11-07:30,^(\d\d\d\d)-[0-3]\d\d ([0-1]\d|2[0-4]):([0-5]\d):([0-5]\d)\-([0-1]\d|2[0-4]):([0-5]\d)$
YYYY-DDDThh:mm:ss-hh:mm,1976-250T11:11:11-07:30,^(\d\d\d\d)-[0-3]\d\dT([0-1]\d|2[0-4]):([0-5]\d):([0-5]\d)\-([0-1]\d|2[0-4]):([0-5]\d)$
YYYY-DDD hh:mm:ss-hhmm,1976-250 11:11:11-0730,^(\d\d\d\d)-[0-3]\d\d ([0-1]\d|2[0-4]):([0-5]\d):([0-5]\d)\-([0-1]\d|2[0-4])([0-5]\d)$
YYYY-DDDThh:mm:ss-hhmm,1976-250T11:11:11-0730,^(\d\d\d\d)-[0-3]\d\dT([0-1]\d|2[0-4]):([0-5]\d):([0-5]\d)\-([0-1]\d|2[0-4])([0-5]\d)$
YYYY-DDD hh:mm:ss-hh,1976-250 11:11:11-07,^(\d\d\d\d)-[0-3]\d\d ([0-1]\d|2[0-4]):([0-5]\d):([0-5]\d)\-([0-1]\d|2[0-4])$
YYYY-DDDThh:mm:ss-hh,1976-250T11:11:11-07,^(\d\d\d\d)-[0-3]\d\dT([0-1]\d|2[0-4]):([0-5]\d):([0-5]\d)\-([0-1]\d|2[0-4])$
YYYY-DDD hhmmss,1976-250 111111,^(\d\d\d\d)-[0-3]\d\d ([0-1]\d|2[0-4])([0-5]\d)([0-5]\d)$
YYYY-DDDThhmmss,1976-250T111111,^(\d\d\d\d)-[0-3]\d\dT([0-1]\d|2[0-4])([0-5]\d)([0-5]\d)$
YYYY-DDD hhmmssZ,1976-250 111111Z,^(\d\d\d\d)-[0-3]\d\d ([0-1]\d|2[0-4])([0-5]\d)([0-5]\d)Z$
YYYY-DDDThhmmssZ,1976-250T111111Z,^(\d\d\d\d)-[0-3]\d\dT([0-1]\d|2[0-4])([0-5]\d)([0-5]\d)Z$
YYYY-DDD hhmmss+hh:mm,1976-250 111111+07:30,^(\d\d\d\d)-[0-3]\d\d ([0-1]\d|2[0-4])([0-5]\d)([0-5]\d)\+([0-1]\d|2[0-4]):([0-5]\d)$
YYYY-DDDThhmmss+hh:mm,1976-250T111111+07:30,^(\d\d\d\d)-[0-3]\d\dT([0-1]\d|2[0-4])([0-5]\d)([0-5]\d)\+([0-1]\d|2[0-4]):([0-5]\d)$
YYYY-DDD hhmmss+hhmm,1976-250 111111+0730,^(\d\d\d\d)-[0-3]\d\d ([0-1]\d|2[0-4])([0-5]\d)([0-5]\d)\+([0-1]\d|2[0-4])([0-5]\d)$
YYYY-DDDThhmmss+hhmm,1976-250T111111+0730,^(\d\d\d\d)-[0-3]\d\dT([0-1]\d|2[0-4])([0-5]\d)([0-5]\d)\+([0-1]\d|2[0-4])([0-5]\d)$
YYYY-DDD hhmmss+hh,1976-250 111111+07,^(\d\d\d\d)-[0-3]\d\d ([0-1]\d|2[0-4])([0-5]\d)([0-5]\d)\+([0-1]\d|2[0-4])$
YYYY-DDDThhmmss+hh,1976-250T111111+07,^(\d\d\d\d)-[0-3]\d\dT([0-1]\d|2[0-4])([0-5]\d)([0-5]\d)\+([0-1]\d|2[0-4])$
YYYY-DDD hhmmss-hh:mm,1976-250 111111-07:30,^(\d\d\d\d)-[0-3]\d\d ([0-1]\d|2[0-4])([0-5]\d)([0-5]\d)\-([0-1]\d|2[0-4]):([0-5]\d)$
YYYY-DDDThhmmss-hh:mm,1976-250T111111-07:30,^(\d\d\d\d)-[0-3]\d\dT([0-1]\d|2[0-4])([0-5]\d)([0-5]\d)\-([0-1]\d|2[0-4]):([0-5]\d)$
YYYY-DDD hhmmss-hhmm,1976-250 111111-0730,^(\d\d\d\d)-[0-3]\d\d ([0-1]\d|2[0-4])([0-5]\d)([0-5]\d)\-([0-1]\d|2[0-4])([0-5]\d)$
YYYY-DDDThhmmss-hhmm,1976-250T111111-0730,^(\d\d\d\d)-[0-3]\d\dT([0-1]\d|2[0-4])([0-5]\d)([0-5]\d)\-([0-1]\d|2[0-4])([0-5]\d)$
YYYY-DDD hhmmss-hh,1976-250 111111-07,^(\d\d\d\d)-[0-3]\d\d ([0-1]\d|2[0-4])([0-5]\d)([0-5]\d)\-([0-1]\d|2[0-4])$
YYYY-DDDThhmmss-hh,1976-250T111111-07,^(\d\d\d\d)-[0-3]\d\dT([0-1]\d|2[0-4])([0-5]\d)([0-5]\d)\-([0-1]\d|2[0-4])$
YYYY-DDD hh:mm,1976-250 11:11,^(\d\d\d\d)-[0-3]\d\d ([0-1]\d|2[0-4]):([0-5]\d)$
YYYY-DDDThh:mm,1976-250T11:11,^(\d\d\d\d)-[0-3]\d\dT([0-1]\d|2[0-4]):([0-5]\d)$
YYYY-DDD hh:mmZ,1976-250 11:11Z,^(\d\d\d\d)-[0-3]\d\d ([0-1]\d|2[0-4]):([0-5]\d)Z$
YYYY-DDDThh:mmZ,1976-250T11:11Z,^(\d\d\d\d)-[0-3]\d\dT([0-1]\d|2[0-4]):([0-5]\d)Z$
YYYY-DDD hh:mm+hh:mm,1976-250 11:11+07:30,^(\d\d\d\d)-[0-3]\d\d ([0-1]\d|2[0-4]):([0-5]\d)\+([0-1]\d|2[0-4]):([0-5]\d)$
YYYY-DDDThh:mm+hh:mm,1976-250T11:11+07:30,^(\d\d\d\d)-[0-3]\d\dT([0-1]\d|2[0-4]):([0-5]\d)\+([0-1]\d|2[0-4]):([0-5]\d)$
YYYY-DDD hh:mm+hhmm,1976-250 11:11+0730,^(\d\d\d\d)-[0-3]\d\d ([0-1]\d|2[0-4]):([0-5]\d)\+([0-1]\d|2[0-4])([0-5]\d)$
YYYY-DDDThh:mm+hhmm,1976-250T11:11+0730,^(\d\d\d\d)-[0-3]\d\dT([0-1]\d|2[0-4]):([0-5]\d)\+([0-1]\d|2[0-4])([0-5]\d)$
YYYY-DDD hh:mm+hh,1976-250 11:11+07,^(\d\d\d\d)-[0-3]\d\d ([0-1]\d|2[0-4]):([0-5]\d)\+([0-1]\d|2[0-4])$
YYYY-DDDThh:mm+hh,1976-250T11:11+07,^(\d\d\d\d)-[0-3]\d\dT([0-1]\d|2[0-4]):([0-5]\d)\+([0-1]\d|2[0-4])$
YYYY-DDD hh:mm-hh:mm,1976-250 11:11-07:30,^(\d\d\d\d)-[0-3]\d\d ([0-1]\d|2[0-4]):([0-5]\d)\-([0-1]\d|2[0-4]):([0-5]\d)$
YYYY-DDDThh:mm-hh:mm,1976-250T11:11-07:30,^(\d\d\d\d)-[0-3]\d\dT([0-1]\d|2[0-4]):([0-5]\d)\-([0-1]\d|2[0-4]):([0-5]\d)$
YYYY-DDD hh:mm-hhmm,1976-250 11:11-0730,^(\d\d\d\d)-[0-3]\d\d ([0-1]\d|2[0-4]):([0-5]\d)\-([0-1]\d|2[0-4])([0-5]\d)$
YYYY-DDDThh:mm-hhmm,1976-250T11:11-0730,^(\d\d\d\d)-[0-3]\d\dT([0-1]\d|2[0-4]):([0-5]\d)\-([0-1]\d|2[0-4])([0-5]\d)$
YYYY-DDD hh:mm-hh,1976-250 11:11-07,^(\d\d\d\d)-[0-3]\d\d ([0-1]\d|2[0-4]):([0-5]\d)\-([0-1]\d|2[0-4])$
YYYY-DDDThh:mm-hh,1976-250T11:11-07,^(\d\d\d\d)-[0-3]\d\dT([0-1]\d|2[0-4]):([0-5]\d)\-([0-1]\d|2[0-4])$
YYYY-DDD hhmm,1976-250 1111,^(\d\d\d\d)-[0-3]\d\d ([0-1]\d|2[0-4])([0-5]\d)$
YYYY-DDDThhmm,1976-250T1111,^(\d\d\d\d)-[0-3]\d\dT([0-1]\d|2[0-4])([0-5]\d)$
YYYY-DDD hhmmZ,1976-250 1111Z,^(\d\d\d\d)-[0-3]\d\d ([0-1]\d|2[0-4])([0-5]\d)Z$
YYYY-DDDThhmmZ,1976-250T1111Z,^(\d\d\d\d)-[0-3]\d\dT([0-1]\d|2[0-4])([0-5]\d)Z$
YYYY-DDD hhmm+hh:mm,1976-250 1111+07:30,^(\d\d\d\d)-[0-3]\d\d ([0-1]\d|2[0-4])([0-5]\d)\+([0-1]\d|2[0-4]):([0-5]\d)$
YYYY-DDDThhmm+hh:mm,1976-250T1111+07:30,^(\d\d\d\d)-[0-3]\d\dT([0-1]\d|2[0-4])([0-5]\d)\+([0-1]\d|2[0-4]):([0-5]\d)$
YYYY-DDD hhmm+hhmm,1976-250 1111+0730,^(\d\d\d\d)-[0-3]\d\d ([0-1]\d|2[0-4])([0-5]\d)\+([0-1]\d|2[0-4])([0-5]\d)$
YYYY-DDDThhmm+hhmm,1976-250T1111+0730,^(\d\d\d\d)-[0-3]\d\dT([0-1]\d|2[0-4])([0-5]\d)\+([0-1]\d|2[0-4])([0-5]\d)$
YYYY-DDD hhmm+hh,1976-250 1111+07,^(\d\d\d\d)-[0-3]\d\d ([0-1]\d|2[0-4])([0-5]\d)\+([0-1]\d|2[0-4])$
YYYY-DDDThhmm+hh,1976-250T1111+07,^(\d\d\d\d)-[0-3]\d\dT([0-1]\d|2[0-4])([0-5]\d)\+([0-1]\d|2[0-4])$
YYYY-DDD hhmm-hh:mm,1976-250 1111-07:30,^(\d\d\d\d)-[0-3]\d\d ([0-1]\d|2[0-4])([0-5]\d)\-([0-1]\d|2[0-4]):([0-5]\d)$
YYYY-DDDThhmm-hh:mm,1976-250T1111-07:30,^(\d\d\d\d)-[0-3]\d\dT([0-1]\d|2[0-4])([0-5]\d)\-([0-1]\d|2[0-4]):([0-5]\d)$
YYYY-DDD hhmm-hhmm,1976-250 1111-0730,^(\d\d\d\d)-[0-3]\d\d ([0-1]\d|2[0-4])([0-5]\d)\-([0-1]\d|2[0-4])([0-5]\d)$
YYYY-DDDThhmm-hhmm,1976-250T1111-0730,^(\d\d\d\d)-[0-3]\d\dT([0-1]\d|2[0-4])([0-5]\d)\-([0-1]\d|2[0-4])([0-5]\d)$
YYYY-DDD hhmm-hh,1976-250 1111-07,^(\d\d\d\d)-[0-3]\d\d ([0-1]\d|2[0-4])([0-5]\d)\-([0-1]\d|2[0-4])$
YYYY-DDDThhmm-hh,1976-250T1111-07,^(\d\d\d\d)-[0-3]\d\dT([0-1]\d|2[0-4])([0-5]\d)\-([0-1]\d|2[0-4])$
YYYY-DDD hh,1976-250 11,^(\d\d\d\d)-[0-3]\d\d ([0-1]\d|2[0-4])$
YYYY-DDDThh,1976-250T11,^(\d\d\d\d)-[0-3]\d\dT([0-1]\d|2[0-4])$
YYYY-DDD hhZ,1976-250 11Z,^(\d\d\d\d)-[0-3]\d\d ([0-1]\d|2[0-4])Z$
YYYY-DDDThhZ,1976-250T11Z,^(\d\d\d\d)-[0-3]\d\dT([0-1]\d|2[0-4])Z$
YYYY-DDD hh+hh:mm,1976-250 11+07:30,^(\d\d\d\d)-[0-3]\d\d ([0-1]\d|2[0-4])\+([0-1]\d|2[0-4]):([0-5]\d)$
YYYY-DDDThh+hh:mm,1976-250T11+07:30,^(\d\d\d\d)-[0-3]\d\dT([0-1]\d|2[0-4])\+([0-1]\d|2[0-4]):([0-5]\d)$
YYYY-DDD hh+hhmm,1976-250 11+0730,^(\d\d\d\d)-[0-3]\d\d ([0-1]\d|2[0-4])\+([0-1]\d|2[0-4])([0-5]\d)$
YYYY-DDDThh+hhmm,1976-250T11+0730,^(\d\d\d\d)-[0-3]\d\dT([0-1]\d|2[0-4])\+([0-1]\d|2[0-4])([0-5]\d)$
YYYY-DDD hh+hh,1976-250 11+07,^(\d\d\d\d)-[0-3]\d\d ([0-1]\d|2[0-4])\+([0-1]\d|2[0-4])$
YYYY-DDDThh+hh,1976-250T11+07,^(\d\d\d\d)-[0-3]\d\dT([0-1]\d|2[0-4])\+([0-1]\d|2[0-4])$
YYYY-DDD hh-hh:mm,1976-250 11-07:30,^(\d\d\d\d)-[0-3]\d\d ([0-1]\d|2[0-4])\-([0-1]\d|2[0-4]):([0-5]\d)$
YYYY-DDDThh-hh:mm,1976-250T11-07:30,^(\d\d\d\d)-[0-3]\d\dT([0-1]\d|2[0-4])\-([0-1]\d|2[0-4]):([0-5]\d)$
YYYY-DDD hh-hhmm,1976-250 11-0730,^(\d\d\d\d)-[0-3]\d\d ([0-1]\d|2[0-4])\-([0-1]\d|2[0-4])([0-5]\d)$
YYYY-DDDThh-hhmm,1976-250T11-0730,^(\d\d\d\d)-[0-3]\d\dT([0-1]\d|2[0-4])\-([0-1]\d|2[0-4])([0-5]\d)$
YYYY-DDD hh-hh,1976-250 11-07,^(\d\d\d\d)-[0-3]\d\d ([0-1]\d|2[0-4])\-([0-1]\d|2[0-4])$
YYYY-DDDThh-hh,1976-250T11-07,^(\d\d\d\d)-[0-3]\d\dT([0-1]\d|2[0-4])\-([0-1]\d|2[0-4])$
YYYYDDD,1976250,^(\d\d\d\d)[0-3]\d\d$
YYYYDDD hh:mm:ss.sss,1976250 11:11:11.888,^(\d\d\d\d)[0-3]\d\d ([0-1]\d|2[0-4]):([0-5]\d):([0-5]\d)(\.\d\d\d)$
YYYYDDDThh:mm:ss.sss,1976250T11:11:11.888,^(\d\d\d\d)[0-3]\d\dT([0-1]\d|2[0-4]):([0-5]\d):([0-5]\d)(\.\d\d\d)$
YYYYDDD hh:mm:ss.sssZ,1976250 11:11:11.888Z,^(\d\d\d\d)[0-3]\d\d ([0-1]\d|2[0-4]):([0-5]\d):([0-5]\d)(\.\d\d\d)Z$
YYYYDDDThh:mm:ss.sssZ,1976250T11:11:11.888Z,^(\d\d\d\d)[0-3]\d\dT([0-1]\d|2[0-4]):([0-5]\d):([0-5]\d)(\.\d\d\d)Z$
YYYYDDD hh:mm:ss.sss+hh:mm,1976250 11:11:11.888+07:30,^(\d\d\d\d)[0-3]\d\d ([0-1]\d|2[0-4]):([0-5]\d):([0-5]\d)(\.\d\d\d)\+([0-1]\d|2[0-4]):([0-5]\d)$
YYYYDDDThh:mm:ss.sss+hh:mm,1976250T11:11:11.888+07:30,^(\d\d\d\d)[0-3]\d\dT([0-1]\d|2[0-4]):([0-5]\d):([0-5]\d)(\.\d\d\d)\+([0-1]\d|2[0-4]):([0-5]\d)$
YYYYDDD hh:mm:ss.sss+hhmm,1976250 11:11:11.888+0730,^(\d\d\d\d)[0-3]\d\d ([0-1]\d|2[0-4]):([0-5]\d):([0-5]\d)(\.\d\d\d)\+([0-1]\d|2[0-4])([0-5]\d)$
YYYYDDDThh:mm:ss.sss+hhmm,1976250T11:11:11.888+0730,^(\d\d\d\d)[0-3]\d\dT([0-1]\d|2[0-4]):([0-5]\d):([0-5]\d)(\.\d\d\d)\+([0-1]\d|2[0-4])([0-5]\d)$
YYYYDDD hh:mm:ss.sss+hh,1976250 11:11:11.888+07,^(\d\d\d\d)[0-3]\d\d ([0-1]\d|2[0-4]):([0-5]\d):([0-5]\d)(\.\d\d\d)\+([0-1]\d|2[0-4])$
YYYYDDDThh:mm:ss.sss+hh,1976250T11:11:11.888+07,^(\d\d\d\d)[0-3]\d\dT([0-1]\d|2[0-4]):([0-5]\d):([0-5]\d)(\.\d\d\d)\+([0-1]\d|2[0-4])$
YYYYDDD hh:mm:ss.sss-hh:mm,1976250 11:11:11.888-07:30,^(\d\d\d\d)[0-3]\d\d ([0-1]\d|2[0-4]):([0-5]\d):([0-5]\d)(\.\d\d\d)\-([0-1]\d|2[0-4]):([0-5]\d)$
YYYYDDDThh:mm:ss.sss-hh:mm,1976250T11:11:11.888-07:30,^(\d\d\d\d)[0-3]\d\dT([0-1]\d|2[0-4]):([0-5]\d):([0-5]\d)(\.\d\d\d)\-([0-1]\d|2[0-4]):([0-5]\d)$
YYYYDDD hh:mm:ss.sss-hhmm,1976250 11:11:11.888-0730,^(\d\d\d\d)[0-3]\d\d ([0-1]\d|2[0-4]):([0-5]\d):([0-5]\d)(\.\d\d\d)\-([0-1]\d|2[0-4])([0-5]\d)$
YYYYDDDThh:mm:ss.sss-hhmm,1976250T11:11:11.888-0730,^(\d\d\d\d)[0-3]\d\dT([0-1]\d|2[0-4]):([0-5]\d):([0-5]\d)(\.\d\d\d)\-([0-1]\d|2[0-4])([0-5]\d)$
YYYYDDD hh:mm:ss.sss-hh,1976250 11:11:11.888-07,^(\d\d\d\d)[0-3]\d\d ([0-1]\d|2[0-4]):([0-5]\d):([0-5]\d)(\.\d\d\d)\-([0-1]\d|2[0-4])$
YYYYDDDThh:mm:ss.sss-hh,1976250T11:11:11.888-07,^(\d\d\d\d)[0-3]\d\dT([0-1]\d|2[0-4]):([0-5]\d):([0-5]\d)(\.\d\d\d)\-([0-1]\d|2[0-4])$
YYYYDDD hhmmss.sss,1976250 111111.888,^(\d\d\d\d)[0-3]\d\d ([0-1]\d|2[0-4])([0-5]\d)([0-5]\d)(\.\d\d\d)$
YYYYDDDThhmmss.sss,1976250T111111.888,^(\d\d\d\d)[0-3]\d\dT([0-1]\d|2[0-4])([0-5]\d)([0-5]\d)(\.\d\d\d)$
YYYYDDD hhmmss.sssZ,1976250 111111.888Z,^(\d\d\d\d)[0-3]\d\d ([0-1]\d|2[0-4])([0-5]\d)([0-5]\d)(\.\d\d\d)Z$
YYYYDDDThhmmss.sssZ,1976250T111111.888Z,^(\d\d\d\d)[0-3]\d\dT([0-1]\d|2[0-4])([0-5]\d)([0-5]\d)(\.\d\d\d)Z$
YYYYDDD hhmmss.sss+hh:mm,1976250 111111.888+07:30,^(\d\d\d\d)[0-3]\d\d ([0-1]\d|2[0-4])([0-5]\d)([0-5]\d)(\.\d\d\d)\+([0-1]\d|2[0-4]):([0-5]\d)$
YYYYDDDThhmmss.sss+hh:mm,1976250T111111.888+07:30,^(\d\d\d\d)[0-3]\d\dT([0-1]\d|2[0-4])([0-5]\d)([0-5]\d)(\.\d\d\d)\+([0-1]\d|2[0-4]):([0-5]\d)$
YYYYDDD hhmmss.sss+hhmm,1976250 111111.888+0730,^(\d\d\d\d)[0-3]\d\d ([0-1]\d|2[0-4])([0-5]\d)([0-5]\d)(\.\d\d\d)\+([0-1]\d|2[0-4])([0-5]\d)$
YYYYDDDThhmmss.sss+hhmm,1976250T111111.888+0730,^(\d\d\d\d)[0-3]\d\dT([0-1]\d|2[0-4])([0-5]\d)([0-5]\d)(\.\d\d\d)\+([0-1]\d|2[0-4])([0-5]\d)$
YYYYDDD hhmmss.sss+hh,1976250 111111.888+07,^(\d\d\d\d)[0-3]\d\d ([0-1]\d|2[0-4])([0-5]\d)([0-5]\d)(\.\d\d\d)\+([0-1]\d|2[0-4])$
YYYYDDDThhmmss.sss+hh,1976250T111111.888+07,^(\d\d\d\d)[0-3]\d\dT([0-1]\d|2[0-4])([0-5]\d)([0-5]\d)(\.\d\d\d)\+([0-1]\d|2[0-4])$
YYYYDDD hhmmss.sss-hh:mm,1976250 111111.888-07:30,^(\d\d\d\d)[0-3]\d\d ([0-1]\d|2[0-4])([0-5]\d)([0-5]\d)(\.\d\d\d)\-([0-1]\d|2[0-4]):([0-5]\d)$
YYYYDDDThhmmss.sss-hh:mm,1976250T111111.888-07:30,^(\d\d\d\d)[0-3]\d\dT([0-1]\d|2[0-4])([0-5]\d)([0-5]\d)(\.\d\d\d)\-([0-1]\d|2[0-4]):([0-5]\d)$
YYYYDDD hhmmss.sss-hhmm,1976250 111111.888-0730,^(\d\d\d\d)[0-3]\d\d ([0-1]\d|2[0-4])([0-5]\d)([0-5]\d)(\.\d\d\d)\-([0-1]\d|2[0-4])([0-5]\d)$
YYYYDDDThhmmss.sss-hhmm,1976250T111111.888-0730,^(\d\d\d\d)[0-3]\d\dT([0-1]\d|2[0-4])([0-5]\d)([0-5]\d)(\.\d\d\d)\-([0-1]\d|2[0-4])([0-5]\d)$
YYYYDDD hhmmss.sss-hh,1976250 111111.888-07,^(\d\d\d\d)[0-3]\d\d ([0-1]\d|2[0-4])([0-5]\d)([0-5]\d)(\.\d\d\d)\-([0-1]\d|2[0-4])$
YYYYDDDThhmmss.sss-hh,1976250T111111.888-07,^(\d\d\d\d)[0-3]\d\dT([0-1]\d|2[0-4])([0-5]\d)([0-5]\d)(\.\d\d\d)\-([0-1]\d|2[0-4])$
YYYYDDD hh:mm:ss,1976250 11:11:11,^(\d\d\d\d)[0-3]\d\d ([0-1]\d|2[0-4]):([0-5]\d):([0-5]\d)$
YYYYDDDThh:mm:ss,1976250T11:11:11,^(\d\d\d\d)[0-3]\d\dT([0-1]\d|2[0-4]):([0-5]\d):([0-5]\d)$
YYYYDDD hh:mm:ssZ,1976250 11:11:11Z,^(\d\d\d\d)[0-3]\d\d ([0-1]\d|2[0-4]):([0-5]\d):([0-5]\d)Z$
YYYYDDDThh:mm:ssZ,1976250T11:11:11Z,^(\d\d\d\d)[0-3]\d\dT([0-1]\d|2[0-4]):([0-5]\d):([0-5]\d)Z$
YYYYDDD hh:mm:ss+hh:mm,1976250 11:11:11+07:30,^(\d\d\d\d)[0-3]\d\d ([0-1]\d|2[0-4]):([0-5]\d):([0-5]\d)\+([0-1]\d|2[0-4]):([0-5]\d)$
YYYYDDDThh:mm:ss+hh:mm,1976250T11:11:11+07:30,^(\d\d\d\d)[0-3]\d\dT([0-1]\d|2[0-4]):([0-5]\d):([0-5]\d)\+([0-1]\d|2[0-4]):([0-5]\d)$
YYYYDDD hh:mm:ss+hhmm,1976250 11:11:11+0730,^(\d\d\d\d)[0-3]\d\d ([0-1]\d|2[0-4]):([0-5]\d):([0-5]\d)\+([0-1]\d|2[0-4])([0-5]\d)$
YYYYDDDThh:mm:ss+hhmm,1976250T11:11:11+0730,^(\d\d\d\d)[0-3]\d\dT([0-1]\d|2[0-4]):([0-5]\d):([0-5]\d)\+([0-1]\d|2[0-4])([0-5]\d)$
YYYYDDD hh:mm:ss+hh,1976250 11:11:11+07,^(\d\d\d\d)[0-3]\d\d ([0-1]\d|2[0-4]):([0-5]\d):([0-5]\d)\+([0-1]\d|2[0-4])$
YYYYDDDThh:mm:ss+hh,1976250T11:11:11+07,^(\d\d\d\d)[0-3]\d\dT([0-1]\d|2[0-4]):([0-5]\d):([0-5]\d)\+([0-1]\d|2[0-4])$
YYYYDDD hh:mm:ss-hh:mm,1976250 11:11:11-07:30,^(\d\d\d\d)[0-3]\d\d ([0-1]\d|2[0-4]):([0-5]\d):([0-5]\d)\-([0-1]\d|2[0-4]):([0-5]\d)$
YYYYDDDThh:mm:ss-hh:mm,1976250T11:11:11-07:30,^(\d\d\d\d)[0-3]\d\dT([0-1]\d|2[0-4]):([0-5]\d):([0-5]\d)\-([0-1]\d|2[0-4]):([0-5]\d)$
YYYYDDD hh:mm:ss-hhmm,1976250 11:11:11-0730,^(\d\d\d\d)[0-3]\d\d ([0-1]\d|2[0-4]):([0-5]\d):([0-5]\d)\-([0-1]\d|2[0-4])([0-5]\d)$
YYYYDDDThh:mm:ss-hhmm,1976250T11:11:11-0730,^(\d\d\d\d)[0-3]\d\dT([0-1]\d|2[0-4]):([0-5]\d):([0-5]\d)\-([0-1]\d|2[0-4])([0-5]\d)$
YYYYDDD hh:mm:ss-hh,1976250 11:11:11-07,^(\d\d\d\d)[0-3]\d\d ([0-1]\d|2[0-4]):([0-5]\d):([0-5]\d)\-([0-1]\d|2[0-4])$
YYYYDDDThh:mm:ss-hh,1976250T11:11:11-07,^(\d\d\d\d)[0-3]\d\dT([0-1]\d|2[0-4]):([0-5]\d):([0-5]\d)\-([0-1]\d|2[0-4])$
YYYYDDD hhmmss,1976250 111111,^(\d\d\d\d)[0-3]\d\d ([0-1]\d|2[0-4])([0-5]\d)([0-5]\d)$
YYYYDDDThhmmss,1976250T111111,^(\d\d\d\d)[0-3]\d\dT([0-1]\d|2[0-4])([0-5]\d)([0-5]\d)$
YYYYDDD hhmmssZ,1976250 111111Z,^(\d\d\d\d)[0-3]\d\d ([0-1]\d|2[0-4])([0-5]\d)([0-5]\d)Z$
YYYYDDDThhmmssZ,1976250T111111Z,^(\d\d\d\d)[0-3]\d\dT([0-1]\d|2[0-4])([0-5]\d)([0-5]\d)Z$
YYYYDDD hhmmss+hh:mm,1976250 111111+07:30,^(\d\d\d\d)[0-3]\d\d ([0-1]\d|2[0-4])([0-5]\d)([0-5]\d)\+([0-1]\d|2[0-4]):([0-5]\d)$
YYYYDDDThhmmss+hh:mm,1976250T111111+07:30,^(\d\d\d\d)[0-3]\d\dT([0-1]\d|2[0-4])([0-5]\d)([0-5]\d)\+([0-1]\d|2[0-4]):([0-5]\d)$
YYYYDDD hhmmss+hhmm,1976250 111111+0730,^(\d\d\d\d)[0-3]\d\d ([0-1]\d|2[0-4])([0-5]\d)([0-5]\d)\+([0-1]\d|2[0-4])([0-5]\d)$
YYYYDDDThhmmss+hhmm,1976250T111111+0730,^(\d\d\d\d)[0-3]\d\dT([0-1]\d|2[0-4])([0-5]\d)([0-5]\d)\+([0-1]\d|2[0-4])([0-5]\d)$
YYYYDDD hhmmss+hh,1976250 111111+07,^(\d\d\d\d)[0-3]\d\d ([0-1]\d|2[0-4])([0-5]\d)([0-5]\d)\+([0-1]\d|2[0-4])$
YYYYDDDThhmmss+hh,1976250T111111+07,^(\d\d\d\d)[0-3]\d\dT([0-1]\d|2[0-4])([0-5]\d)([0-5]\d)\+([0-1]\d|2[0-4])$
YYYYDDD hhmmss-hh:mm,1976250 111111-07:30,^(\d\d\d\d)[0-3]\d\d ([0-1]\d|2[0-4])([0-5]\d)([0-5]\d)\-([0-1]\d|2[0-4]):([0-5]\d)$
YYYYDDDThhmmss-hh:mm,1976250T111111-07:30,^(\d\d\d\d)[0-3]\d\dT([0-1]\d|2[0-4])([0-5]\d)([0-5]\d)\-([0-1]\d|2[0-4]):([0-5]\d)$
YYYYDDD hhmmss-hhmm,1976250 111111-0730,^(\d\d\d\d)[0-3]\d\d ([0-1]\d|2[0-4])([0-5]\d)([0-5]\d)\-([0-1]\d|2[0-4])([0-5]\d)$
YYYYDDDThhmmss-hhmm,1976250T111111-0730,^(\d\d\d\d)[0-3]\d\dT([0-1]\d|2[0-4])([0-5]\d)([0-5]\d)\-([0-1]\d|2[0-4])([0-5]\d)$
YYYYDDD hhmmss-hh,1976250 111111-07,^(\d\d\d\d)[0-3]\d\d ([0-1]\d|2[0-4])([0-5]\d)([0-5]\d)\-([0-1]\d|2[0-4])$
YYYYDDDThhmmss-hh,1976250T111111-07,^(\d\d\d\d)[0-3]\d\dT([0-1]\d|2[0-4])([0-5]\d)([0-5]\d)\-([0-1]\d|2[0-4])$
YYYYDDD hh:mm,1976250 11:11,^(\d\d\d\d)[0-3]\d\d ([0-1]\d|2[0-4]):([0-5]\d)$
YYYYDDDThh:mm,1976250T11:11,^(\d\d\d\d)[0-3]\d\dT([0-1]\d|2[0-4]):([0-5]\d)$
YYYYDDD hh:mmZ,1976250 11:11Z,^(\d\d\d\d)[0-3]\d\d ([0-1]\d|2[0-4]):([0-5]\d)Z$
YYYYDDDThh:mmZ,1976250T11:11Z,^(\d\d\d\d)[0-3]\d\dT([0-1]\d|2[0-4]):([0-5]\d)Z$
YYYYDDD hh:mm+hh:mm,1976250 11:11+07:30,^(\d\d\d\d)[0-3]\d\d ([0-1]\d|2[0-4]):([0-5]\d)\+([0-1]\d|2[0-4]):([0-5]\d)$
YYYYDDDThh:mm+hh:mm,1976250T11:11+07:30,^(\d\d\d\d)[0-3]\d\dT([0-1]\d|2[0-4]):([0-5]\d)\+([0-1]\d|2[0-4]):([0-5]\d)$
YYYYDDD hh:mm+hhmm,1976250 11:11+0730,^(\d\d\d\d)[0-3]\d\d ([0-1]\d|2[0-4]):([0-5]\d)\+([0-1]\d|2[0-4])([0-5]\d)$
YYYYDDDThh:mm+hhmm,1976250T11:11+0730,^(\d\d\d\d)[0-3]\d\dT([0-1]\d|2[0-4]):([0-5]\d)\+([0-1]\d|2[0-4])([0-5]\d)$
YYYYDDD hh:mm+hh,1976250 11:11+07,^(\d\d\d\d)[0-3]\d\d ([0-1]\d|2[0-4]):([0-5]\d)\+([0-1]\d|2[0-4])$
YYYYDDDThh:mm+hh,1976250T11:11+07,^(\d\d\d\d)[0-3]\d\dT([0-1]\d|2[0-4]):([0-5]\d)\+([0-1]\d|2[0-4])$
YYYYDDD hh:mm-hh:mm,1976250 11:11-07:30,^(\d\d\d\d)[0-3]\d\d ([0-1]\d|2[0-4]):([0-5]\d)\-([0-1]\d|2[0-4]):([0-5]\d)$
YYYYDDDThh:mm-hh:mm,1976250T11:11-07:30,^(\d\d\d\d)[0-3]\d\dT([0-1]\d|2[0-4]):([0-5]\d)\-([0-1]\d|2[0-4]):([0-5]\d)$
YYYYDDD hh:mm-hhmm,1976250 11:11-0730,^(\d\d\d\d)[0-3]\d\d ([0-1]\d|2[0-4]):([0-5]\d)\-([0-1]\d|2[0-4])([0-5]\d)$
YYYYDDDThh:mm-hhmm,1976250T11:11-0730,^(\d\d\d\d)[0-3]\d\dT([0-1]\d|2[0-4]):([0-5]\d)\-([0-1]\d|2[0-4])([0-5]\d)$
YYYYDDD hh:mm-hh,1976250 11:11-07,^(\d\d\d\d)[0-3]\d\d ([0-1]\d|2[0-4]):([0-5]\d)\-([0-1]\d|2[0-4])$
YYYYDDDThh:mm-hh,1976250T11:11-07,^(\d\d\d\d)[0-3]\d\dT([0-1]\d|2[0-4]):([0-5]\d)\-([0-1]\d|2[0-4])$
YYYYDDD hhmm,1976250 1111,^(\d\d\d\d)[0-3]\d\d ([0-1]\d|2[0-4])([0-5]\d)$
YYYYDDDThhmm,1976250T1111,^(\d\d\d\d)[0-3]\d\dT([0-1]\d|2[0-4])([0-5]\d)$
YYYYDDD hhmmZ,1976250 1111Z,^(\d\d\d\d)[0-3]\d\d ([0-1]\d|2[0-4])([0-5]\d)Z$
YYYYDDDThhmmZ,1976250T1111Z,^(\d\d\d\d)[0-3]\d\dT([0-1]\d|2[0-4])([0-5]\d)Z$
YYYYDDD hhmm+hh:mm,1976250 1111+07:30,^(\d\d\d\d)[0-3]\d\d ([0-1]\d|2[0-4])([0-5]\d)\+([0-1]\d|2[0-4]):([0-5]\d)$
YYYYDDDThhmm+hh:mm,1976250T1111+07:30,^(\d\d\d\d)[0-3]\d\dT([0-1]\d|2[0-4])([0-5]\d)\+([0-1]\d|2[0-4]):([0-5]\d)$
YYYYDDD hhmm+hhmm,1976250 1111+0730,^(\d\d\d\d)[0-3]\d\d ([0-1]\d|2[0-4])([0-5]\d)\+([0-1]\d|2[0-4])([0-5]\d)$
YYYYDDDThhmm+hhmm,1976250T1111+0730,^(\d\d\d\d)[0-3]\d\dT([0-1]\d|2[0-4])([0-5]\d)\+([0-1]\d|2[0-4])([0-5]\d)$
YYYYDDD hhmm+hh,1976250 1111+07,^(\d\d\d\d)[0-3]\d\d ([0-1]\d|2[0-4])([0-5]\d)\+([0-1]\d|2[0-4])$
YYYYDDDThhmm+hh,1976250T1111+07,^(\d\d\d\d)[0-3]\d\dT([0-1]\d|2[0-4])([0-5]\d)\+([0-1]\d|2[0-4])$
YYYYDDD hhmm-hh:mm,1976250 1111-07:30,^(\d\d\d\d)[0-3]\d\d ([0-1]\d|2[0-4])([0-5]\d)\-([0-1]\d|2[0-4]):([0-5]\d)$
YYYYDDDThhmm-hh:mm,1976250T1111-07:30,^(\d\d\d\d)[0-3]\d\dT([0-1]\d|2[0-4])([0-5]\d)\-([0-1]\d|2[0-4]):([0-5]\d)$
YYYYDDD hhmm-hhmm,1976250 1111-0730,^(\d\d\d\d)[0-3]\d\d ([0-1]\d|2[0-4])([0-5]\d)\-([0-1]\d|2[0-4])([0-5]\d)$
YYYYDDDThhmm-hhmm,1976250T1111-0730,^(\d\d\d\d)[0-3]\d\dT([0-1]\d|2[0-4])([0-5]\d)\-([0-1]\d|2[0-4])([0-5]\d)$
YYYYDDD hhmm-hh,1976250 1111-07,^(\d\d\d\d)[0-3]\d\d ([0-1]\d|2[0-4])([0-5]\d)\-([0-1]\d|2[0-4])$
YYYYDDDThhmm-hh,1976250T1111-07,^(\d\d\d\d)[0-3]\d\dT([0-1]\d|2[0-4])([0-5]\d)\-([0-1]\d|2[0-4])$
YYYYDDD hh,1976250 11,^(\d\d\d\d)[0-3]\d\d ([0-1]\d|2[0-4])$
YYYYDDDThh,1976250T11,^(\d\d\d\d)[0-3]\d\dT([0-1]\d|2[0-4])$
YYYYDDD hhZ,1976250 11Z,^(\d\d\d\d)[0-3]\d\d ([0-1]\d|2[0-4])Z$
YYYYDDDThhZ,1976250T11Z,^(\d\d\d\d)[0-3]\d\dT([0-1]\d|2[0-4])Z$
YYYYDDD hh+hh:mm,1976250 11+07:30,^(\d\d\d\d)[0-3]\d\d ([0-1]\d|2[0-4])\+([0-1]\d|2[0-4]):([0-5]\d)$
YYYYDDDThh+hh:mm,1976250T11+07:30,^(\d\d\d\d)[0-3]\d\dT([0-1]\d|2[0-4])\+([0-1]\d|2[0-4]):([0-5]\d)$
YYYYDDD hh+hhmm,1976250 11+0730,^(\d\d\d\d)[0-3]\d\d ([0-1]\d|2[0-4])\+([0-1]\d|2[0-4])([0-5]\d)$
YYYYDDDThh+hhmm,1976250T11+0730,^(\d\d\d\d)[0-3]\d\dT([0-1]\d|2[0-4])\+([0-1]\d|2[0-4])([0-5]\d)$
YYYYDDD hh+hh,1976250 11+07,^(\d\d\d\d)[0-3]\d\d ([0-1]\d|2[0-4])\+([0-1]\d|2[0-4])$
YYYYDDDThh+hh,1976250T11+07,^(\d\d\d\d)[0-3]\d\dT([0-1]\d|2[0-4])\+([0-1]\d|2[0-4])$
YYYYDDD hh-hh:mm,1976250 11-07:30,^(\d\d\d\d)[0-3]\d\d ([0-1]\d|2[0-4])\-([0-1]\d|2[0-4]):([0-5]\d)$
YYYYDDDThh-hh:mm,1976250T11-07:30,^(\d\d\d\d)[0-3]\d\dT([0-1]\d|2[0-4])\-([0-1]\d|2[0-4]):([0-5]\d)$
YYYYDDD hh-hhmm,1976250 11-0730,^(\d\d\d\d)[0-3]\d\d ([0-1]\d|2[0-4])\-([0-1]\d|2[0-4])([0-5]\d)$
YYYYDDDThh-hhmm,1976250T11-0730,^(\d\d\d\d)[0-3]\d\dT([0-1]\d|2[0-4])\-([0-1]\d|2[0-4])([0-5]\d)$
YYYYDDD hh-hh,1976250 11-07,^(\d\d\d\d)[0-3]\d\d ([0-1]\d|2[0-4])\-([0-1]\d|2[0-4])$
YYYYDDDThh-hh,1976250T11-07,^(\d\d\d\d)[0-3]\d\dT([0-1]\d|2[0-4])\-([0-1]\d|2[0-4])$
hh+hh,11+07,^([0-1]\d|2[0-4])\+([0-1]\d|2[0-4])$
hh+hh:mm,11+07:30,^([0-1]\d|2[0-4])\+([0-1]\d|2[0-4]):([0-5]\d)$
hh+hhmm,11+0730,^([0-1]\d|2[0-4])\+([0-1]\d|2[0-4])([0-5]\d)$
hh,11,^([0-1]\d|2[0-4])$
hh-hh,11-07,^([0-1]\d|2[0-4])\-([0-1]\d|2[0-4])$
hh-hh:mm,11-07:30,^([0-1]\d|2[0-4])\-([0-1]\d|2[0-4]):([0-5]\d)$
hh-hhmm,11-0730,^([0-1]\d|2[0-4])\-([0-1]\d|2[0-4])([0-5]\d)$
hh:mm+hh,11:11+07,^([0-1]\d|2[0-4]):([0-5]\d)\+([0-1]\d|2[0-4])$
hh:mm+hh:mm,11:11+07:30,^([0-1]\d|2[0-4]):([0-5]\d)\+([0-1]\d|2[0-4]):([0-5]\d)$
hh:mm+hhmm,11:11+0730,^([0-1]\d|2[0-4]):([0-5]\d)\+([0-1]\d|2[0-4])([0-5]\d)$
hh:mm,11:11,^([0-1]\d|2[0-4]):([0-5]\d)$
hh:mm-hh,11:11-07,^([0-1]\d|2[0-4]):([0-5]\d)\-([0-1]\d|2[0-4])$
hh:mm-hh:mm,11:11-07:30,^([0-1]\d|2[0-4]):([0-5]\d)\-([0-1]\d|2[0-4]):([0-5]\d)$
hh:mm-hhmm,11:11-0730,^([0-1]\d|2[0-4]):([0-5]\d)\-([0-1]\d|2[0-4])([0-5]\d)$
hh:mm:ss+hh,11:11:11+07,^([0-1]\d|2[0-4]):([0-5]\d):([0-5]\d)\+([0-1]\d|2[0-4])$
hh:mm:ss+hh:mm,11:11:11+07:30,^([0-1]\d|2[0-4]):([0-5]\d):([0-5]\d)\+([0-1]\d|2[0-4]):([0-5]\d)$
hh:mm:ss+hhmm,11:11:11+0730,^([0-1]\d|2[0-4]):([0-5]\d):([0-5]\d)\+([0-1]\d|2[0-4])([0-5]\d)$
hh:mm:ss,11:11:11,^([0-1]\d|2[0-4]):([0-5]\d):([0-5]\d)$
hh:mm:ss-hh,11:11:11-07,^([0-1]\d|2[0-4]):([0-5]\d):([0-5]\d)\-([0-1]\d|2[0-4])$
hh:mm:ss-hh:mm,11:11:11-07:30,^([0-1]\d|2[0-4]):([0-5]\d):([0-5]\d)\-([0-1]\d|2[0-4]):([0-5]\d)$
hh:mm:ss-hhmm,11:11:11-0730,^([0-1]\d|2[0-4]):([0-5]\d):([0-5]\d)\-([0-1]\d|2[0-4])([0-5]\d)$
hh:mm:ss.sss+hh,11:11:11.888+07,^([0-1]\d|2[0-4]):([0-5]\d):([0-5]\d)(\.\d\d\d)\+([0-1]\d|2[0-4])$
hh:mm:ss.sss+hh:mm,11:11:11.888+07:30,^([0-1]\d|2[0-4]):([0-5]\d):([0-5]\d)(\.\d\d\d)\+([0-1]\d|2[0-4]):([0-5]\d)$
hh:mm:ss.sss+hhmm,11:11:11.888+0730,^([0-1]\d|2[0-4]):([0-5]\d):([0-5]\d)(\.\d\d\d)\+([0-1]\d|2[0-4])([0-5]\d)$
hh:mm:ss.sss,11:11:11.888,^([0-1]\d|2[0-4]):([0-5]\d):([0-5]\d)(\.\d\d\d)$
hh:mm:ss.sss-hh,11:11:11.888-07,^([0-1]\d|2[0-4]):([0-5]\d):([0-5]\d)(\.\d\d\d)\-([0-1]\d|2[0-4])$
hh:mm:ss.sss-hh:mm,11:11:11.888-07:30,^([0-1]\d|2[0-4]):([0-5]\d):([0-5]\d)(\.\d\d\d)\-([0-1]\d|2[0-4]):([0-5]\d)$
hh:mm:ss.sss-hhmm,11:11:11.888-0730,^([0-1]\d|2[0-4]):([0-5]\d):([0-5]\d)(\.\d\d\d)\-([0-1]\d|2[0-4])([0-5]\d)$
hh:mm:ss.sssZ,11:11:11.888Z,^([0-1]\d|2[0-4]):([0-5]\d):([0-5]\d)(\.\d\d\d)Z$
hh:mm:ssZ,11:11:11Z,^([0-1]\d|2[0-4]):([0-5]\d):([0-5]\d)Z$
hh:mmZ,11:11Z,^([0-1]\d|2[0-4]):([0-5]\d)Z$
hhZ,11Z,^([0-1]\d|2[0-4])Z$
hhmm+hh,1111+07,^([0-1]\d|2[0-4])([0-5]\d)\+([0-1]\d|2[0-4])$
hhmm+hh:mm,1111+07:30,^([0-1]\d|2[0-4])([0-5]\d)\+([0-1]\d|2[0-4]):([0-5]\d)$
hhmm+hhmm,1111+0730,^([0-1]\d|2[0-4])([0-5]\d)\+([0-1]\d|2[0-4])([0-5]\d)$
hhmm,1111,^([0-1]\d|2[0-4])([0-5]\d)$
hhmm-hh,1111-07,^([0-1]\d|2[0-4])([0-5]\d)\-([0-1]\d|2[0-4])$
hhmm-hh:mm,1111-07:30,^([0-1]\d|2[0-4])([0-5]\d)\-([0-1]\d|2[0-4]):([0-5]\d)$
hhmm-hhmm,1111-0730,^([0-1]\d|2[0-4])([0-5]\d)\-([0-1]\d|2[0-4])([0-5]\d)$
hhmmZ,1111Z,^([0-1]\d|2[0-4])([0-5]\d)Z$
hhmmss+hh,111111+07,^([0-1]\d|2[0-4])([0-5]\d)([0-5]\d)\+([0-1]\d|2[0-4])$
hhmmss+hh:mm,111111+07:30,^([0-1]\d|2[0-4])([0-5]\d)([0-5]\d)\+([0-1]\d|2[0-4]):([0-5]\d)$
hhmmss+hhmm,111111+0730,^([0-1]\d|2[0-4])([0-5]\d)([0-5]\d)\+([0-1]\d|2[0-4])([0-5]\d)$
hhmmss,111111,^([0-1]\d|2[0-4])([0-5]\d)([0-5]\d)$
hhmmss-hh,111111-07,^([0-1]\d|2[0-4])([0-5]\d)([0-5]\d)\-([0-1]\d|2[0-4])$
hhmmss-hh:mm,111111-07:30,^([0-1]\d|2[0-4])([0-5]\d)([0-5]\d)\-([0-1]\d|2[0-4]):([0-5]\d)$
hhmmss-hhmm,111111-0730,^([0-1]\d|2[0-4])([0-5]\d)([0-5]\d)\-([0-1]\d|2[0-4])([0-5]\d)$
hhmmss.sss+hh,111111.888+07,^([0-1]\d|2[0-4])([0-5]\d)([0-5]\d)(\.\d\d\d)\+([0-1]\d|2[0-4])$
hhmmss.sss+hh:mm,111111.888+07:30,^([0-1]\d|2[0-4])([0-5]\d)([0-5]\d)(\.\d\d\d)\+([0-1]\d|2[0-4]):([0-5]\d)$
hhmmss.sss+hhmm,111111.888+0730,^([0-1]\d|2[0-4])([0-5]\d)([0-5]\d)(\.\d\d\d)\+([0-1]\d|2[0-4])([0-5]\d)$
hhmmss.sss,111111.888,^([0-1]\d|2[0-4])([0-5]\d)([0-5]\d)(\.\d\d\d)$
hhmmss.sss-hh,111111.888-07,^([0-1]\d|2[0-4])([0-5]\d)([0-5]\d)(\.\d\d\d)\-([0-1]\d|2[0-4])$
hhmmss.sss-hh:mm,111111.888-07:30,^([0-1]\d|2[0-4])([0-5]\d)([0-5]\d)(\.\d\d\d)\-([0-1]\d|2[0-4]):([0-5]\d)$
hhmmss.sss-hhmm,111111.888-0730,^([0-1]\d|2[0-4])([0-5]\d)([0-5]\d)(\.\d\d\d)\-([0-1]\d|2[0-4])([0-5]\d)$
hhmmss.sssZ,111111.888Z,^([0-1]\d|2[0-4])([0-5]\d)([0-5]\d)(\.\d\d\d)Z$
hhmmssZ,111111Z,^([0-1]\d|2[0-4])([0-5]\d)([0-5]\d)Z$